-- phpMyAdmin SQL Dump
-- version 4.9.0.1
-- https://www.phpmyadmin.net/
--
-- Host: 127.0.0.1
-- Generation Time: Sep 03, 2019 at 08:25 PM
-- Server version: 10.4.6-MariaDB
-- PHP Version: 7.3.8

SET SQL_MODE = "NO_AUTO_VALUE_ON_ZERO";
SET AUTOCOMMIT = 0;
START TRANSACTION;
SET time_zone = "+00:00";


/*!40101 SET @OLD_CHARACTER_SET_CLIENT=@@CHARACTER_SET_CLIENT */;
/*!40101 SET @OLD_CHARACTER_SET_RESULTS=@@CHARACTER_SET_RESULTS */;
/*!40101 SET @OLD_COLLATION_CONNECTION=@@COLLATION_CONNECTION */;
/*!40101 SET NAMES utf8mb4 */;

--
-- Database: `reg`
--

-- --------------------------------------------------------

--
-- Table structure for table `administration`
--

CREATE TABLE `administration` (
  `user_name` varchar(20) NOT NULL,
  `password` varchar(20) DEFAULT NULL
) ENGINE=InnoDB DEFAULT CHARSET=utf8;

--
-- Dumping data for table `administration`
--

INSERT INTO `administration` (`user_name`, `password`) VALUES
('ADMIN', '12345'),
('CV SECTION', '12345'),
('EDP SECTION', '12345'),
('EXAM SECTION', '12345');

-- --------------------------------------------------------

--
-- Table structure for table `all_students`
--

CREATE TABLE `all_students` (
  `roll_no` varchar(50) NOT NULL,
  `enrollment_no` varchar(50) NOT NULL,
  `name` varchar(100) NOT NULL,
  `sem` int(1) NOT NULL,
  `year` varchar(20) NOT NULL,
  `branch` varchar(100) NOT NULL,
  `section` varchar(2) NOT NULL,
  `session1` varchar(20) NOT NULL,
  `status` int(1) NOT NULL,
  `application_id` varchar(100) NOT NULL,
  `photourl` varchar(500) NOT NULL
) ENGINE=InnoDB DEFAULT CHARSET=latin1;

--
-- Dumping data for table `all_students`
--

INSERT INTO `all_students` (`roll_no`, `enrollment_no`, `name`, `sem`, `year`, `branch`, `section`, `session1`, `status`, `application_id`, `photourl`) VALUES
('17M7090', 'DE17007', 'Ravindra', 8, '4YR', 'Mechanical Engineering', 'A', '', 0, '', ''),
('17M7091', 'DE17008', 'Ravi', 8, '4YR', 'Mechanical Engineering', 'A', '', 0, '', ''),
('17M7092', 'DE17009', 'Prashant', 8, '4YR', 'Mechanical Engineering', 'A', '', 0, '', ''),
('17M7093', 'DE17010', 'Dev', 8, '4YR', 'Mechanical Engineering', 'A', '', 0, '', ''),
('17M7094', 'DE17011', 'Mukesh', 8, '4YR', 'Mechanical Engineering', 'A', '', 0, '', ''),
('17E7090', 'DE17707', 'Ravindra', 7, '4YR', 'Electronics And Instrumentation Engineering', 'A', '', 0, '', ''),
('17E7091', 'DE17708', 'Ravi', 7, '4YR', 'Electronics And Instrumentation Engineering', 'A', '', 0, '', ''),
('17E7092', 'DE17709', 'Prashant', 7, '4YR', 'Electronics And Instrumentation Engineering', 'A', '', 0, '', ''),
('17E7093', 'DE17710', 'Dev', 7, '4YR', 'Electronics And Instrumentation Engineering', 'A', '', 0, '', ''),
('17E7094', 'DE17711', 'Mukesh', 7, '4YR', 'Electronics And Instrumentation Engineering', 'A', '', 0, '', ''),
('18T5090', 'DE18001', 'Ravindra', 5, '3YR', 'Electronics And Telecommunication Engineering', 'A', '', 0, '', ''),
('18T5091', 'DE18002', 'Ravi', 5, '3YR', 'Electronics And Telecommunication Engineering', 'A', '', 0, '', ''),
('18T5092', 'DE18003', 'Prashant', 5, '3YR', 'Electronics And Telecommunication Engineering', 'A', '', 0, '', ''),
('18T5093', 'DE18004', 'Dev', 5, '3YR', 'Electronics And Telecommunication Engineering', 'A', '', 0, '', ''),
('18T5094', 'DE18005', 'Mukesh', 5, '3YR', 'Electronics And Telecommunication Engineering', 'A', '', 0, '', ''),
('18V6090', 'DE18021', 'Ravindra', 6, '3YR', 'Civil Engineering', 'A', '', 0, '', ''),
('18V6091', 'DE18022', 'Ravi', 6, '3YR', 'Civil Engineering', 'A', '', 0, '', ''),
('18V6092', 'DE18023', 'Prashant', 6, '3YR', 'Civil Engineering', 'A', '', 0, '', ''),
('18V6093', 'DE18024', 'Dev', 6, '3YR', 'Civil Engineering', 'A', '', 0, '', ''),
('18V6094', 'DE18025', 'Mukesh', 6, '3YR', 'Civil Engineering', 'A', '', 0, '', ''),
('18C4090', 'DE18701', 'Ravindra', 4, '2YR', 'Computer Engineering', 'B', '', 0, '', ''),
('18C4091', 'DE18702', 'Ravi', 4, '2YR', 'Computer Engineering', 'B', '', 0, '', ''),
('18C4092', 'DE18703', 'Prashant', 4, '2YR', 'Computer Engineering', 'B', '', 0, '', ''),
('18C4093', 'DE18704', 'Dev', 4, '2YR', 'Computer Engineering', 'B', '', 0, '', ''),
('18C4094', 'DE18705', 'Mukesh', 4, '2YR', 'Computer Engineering', 'B', '', 0, '', ''),
('18C3090', 'DE18707', 'Ravindra', 3, '2YR', 'Computer Engineering', 'A', 'July-Dec-2019', 1, '0000', '03.jpg'),
('18C3091', 'DE18708', 'Ravi', 3, '2YR', 'Computer Engineering', 'A', '', 0, '', ''),
('18C3092', 'DE18709', 'Prashant', 3, '2YR', 'Computer Engineering', 'A', '', 0, '', ''),
('18C3093', 'DE18710', 'Dev', 3, '2YR', 'Computer Engineering', 'A', '', 0, '', ''),
('18C3094', 'DE18711', 'Mukesh', 3, '2YR', 'Computer Engineering', 'A', '', 0, '', ''),
('18I1090', 'DE18801', 'Ravindra', 1, '1YR', 'Information Technology', 'A', '', 0, '', ''),
('18I1091', 'DE18802', 'Ravi', 1, '1YR', 'Information Technology', 'A', '', 0, '', ''),
('18I1092', 'DE18803', 'Prashant', 1, '1YR', 'Information Technology', 'A', '', 0, '', ''),
('18I1093', 'DE18804', 'Dev', 1, '1YR', 'Information Technology', 'A', '', 0, '', ''),
('18I1094', 'DE18805', 'Mukesh', 1, '1YR', 'Information Technology', 'A', '', 0, '', ''),
('18I2090', 'DE1881', 'Ravindra', 2, '1YR', 'Information Technology', 'A', '', 0, '', ''),
('18I2091', 'DE1882', 'Ravi', 2, '1YR', 'Information Technology', 'A', '', 0, '', ''),
('18I2092', 'DE1883', 'Prashant', 2, '1YR', 'Information Technology', 'A', '', 0, '', ''),
('18I2093', 'DE1884', 'Dev', 2, '1YR', 'Information Technology', 'A', '', 0, '', ''),
('18I2094', 'DE1885', 'Mukesh', 2, '1YR', 'Information Technology', 'A', '', 0, '', '');

-- --------------------------------------------------------

--
-- Table structure for table `class_table`
--

CREATE TABLE `class_table` (
  `id` bigint(20) NOT NULL,
  `department_id` bigint(20) NOT NULL COMMENT 'IT , CS, Civil',
  `year` int(11) NOT NULL COMMENT 'First Year, Second Year, Third Year, Fourth Year',
  `section` varchar(10) DEFAULT NULL,
  `faculty_id` bigint(20) DEFAULT NULL COMMENT 'Class Teacher ID',
  `specialization` varchar(30) DEFAULT NULL
) ENGINE=InnoDB DEFAULT CHARSET=latin1;

--
-- Dumping data for table `class_table`
--

INSERT INTO `class_table` (`id`, `department_id`, `year`, `section`, `faculty_id`, `specialization`) VALUES
(1, 8, 1, '\'A\'', NULL, NULL),
(2, 8, 1, '\'B\'', NULL, NULL),
(3, 8, 2, '\'A\'', NULL, NULL),
(4, 8, 2, '\'B\'', NULL, NULL),
(5, 8, 3, '\'A\'', NULL, NULL),
(6, 8, 3, '\'B\'', NULL, NULL),
(7, 8, 4, '\'A\'', NULL, NULL),
(8, 8, 4, '\'B\'', NULL, NULL),
(9, 9, 1, '\'A\'', 1, NULL),
(10, 9, 1, '\'B\'', 1, NULL),
(11, 9, 2, '\'A\'', 1, NULL),
(12, 9, 2, '\'B\'', 1, NULL),
(13, 9, 3, '\'A\'', 1, NULL),
(14, 9, 3, '\'B\'', 1, NULL),
(15, 9, 4, '\'A\'', 1, NULL),
(16, 9, 4, '\'B\'', 1, NULL),
(17, 6, 1, '\'A\'', 1, NULL),
(18, 6, 1, '\'B\'', 1, NULL),
(19, 6, 2, '\'A\'', 1, NULL),
(20, 6, 2, '\'B\'', 1, NULL),
(21, 6, 3, '\'A\'', 1, NULL),
(22, 6, 3, '\'B\'', 1, NULL),
(23, 6, 4, '\'A\'', 1, NULL),
(24, 6, 4, '\'B\'', 1, NULL),
(25, 10, 1, '', 1, NULL),
(26, 10, 2, '', 1, NULL),
(27, 10, 3, '', 1, NULL),
(28, 10, 4, '', 1, NULL),
(29, 4, 1, '', 1, NULL),
(30, 4, 2, '', 1, NULL),
(31, 4, 3, '', 1, NULL),
(32, 4, 4, '', 1, NULL),
(33, 5, 1, '', 1, NULL),
(34, 5, 2, '', 1, NULL),
(35, 5, 3, '', 1, NULL),
(36, 5, 4, '', 1, NULL),
(37, 1, 1, '\'IS\'', 1, NULL),
(38, 2, 1, '\'SE\'', 1, NULL),
(39, 3, 1, '\'IEM\'', 1, NULL),
(40, 3, 1, '\'DT\'', 1, NULL),
(41, 11, 1, '\'DI\'', 1, NULL),
(42, 12, 1, '\'DC\'', 21, NULL),
(43, 7, 1, '', 1, NULL),
(44, 7, 2, '', 1, NULL),
(45, 2, 1, 'PT_SE', 1, NULL),
(46, 10, 1, '(PT)', 1, NULL),
(47, 10, 2, '(PT)', 1, NULL),
(48, 10, 3, '(PT)', 1, NULL),
(49, 10, 4, '(PT)', 1, NULL),
(50, 3, 1, 'PT_IE', 1, NULL),
(51, 3, 1, 'PT_DT', 1, NULL),
(52, 12, 1, 'PT_DC', 1, NULL),
(53, 12, 2, 'PT_DC', 1, NULL),
(54, 3, 2, 'PT_DT', 1, NULL),
(55, 3, 2, 'PT_IE', 1, NULL),
(56, 2, 2, 'PT_SE', 1, NULL),
(57, 2, 3, 'PT_SE', 1, NULL),
(58, 3, 3, 'PT_IE', 1, NULL),
(59, 3, 3, 'PT_DT', 1, NULL),
(60, 12, 3, 'PT_DC', 1, NULL),
(61, 1, 2, '\'IS\'', 1, NULL),
(62, 2, 2, '\'SE\'', 1, NULL),
(63, 3, 2, '\'IEM\'', 1, NULL),
(64, 3, 2, '\'DT\'', 1, NULL),
(65, 11, 2, '\'DI\'', 1, NULL),
(66, 12, 2, '\'DC\'', 1, NULL),
(67, 6, 1, '(PT)', 1, NULL),
(68, 6, 2, '(PT)', 1, NULL),
(69, 6, 3, '(PT)', 1, NULL),
(70, 6, 4, '(PT)', 1, NULL),
(71, 11, 1, 'PT_DI', NULL, NULL),
(72, 11, 2, 'PT_DI', NULL, NULL),
(73, 11, 3, 'PT_DI', NULL, NULL),
(74, 9, 4, '(Intern.)', NULL, NULL),
(75, 4, 4, '(Intern.)', NULL, NULL),
(76, 5, 4, '(Intern.)', NULL, NULL),
(77, 6, 4, '(Intern.)', NULL, NULL),
(78, 8, 4, '(Intern.)', NULL, NULL),
(79, 10, 4, '(Intern.)', NULL, NULL),
(80, 10, 4, '\'P\'', 1, NULL),
(81, 5, 4, '\'BA Group', 1, NULL),
(1003, 8, 2, '(EX)', NULL, NULL),
(1005, 8, 3, '(EX)', NULL, NULL),
(1007, 8, 4, '(EX)', NULL, NULL),
(1011, 9, 2, '(EX)', NULL, NULL),
(1013, 9, 3, '(EX)', NULL, NULL),
(1015, 9, 4, '(EX)', NULL, NULL),
(1019, 6, 2, '(EX)', NULL, NULL),
(1021, 6, 3, '(EX)', NULL, NULL),
(1023, 6, 4, '(EX)', NULL, NULL),
(1026, 10, 2, '(EX)', NULL, NULL),
(1027, 10, 3, '(EX)', NULL, NULL),
(1028, 10, 4, '(EX)', NULL, NULL),
(1030, 4, 2, '(EX)', NULL, NULL),
(1031, 4, 3, '(EX)', NULL, NULL),
(1032, 4, 4, '(EX)', NULL, NULL),
(1034, 5, 2, '(EX)', NULL, NULL),
(1035, 5, 3, '(EX)', NULL, NULL),
(1036, 5, 4, '(EX)', NULL, NULL),
(1037, 1, 1, 'IS(EX)', NULL, NULL),
(1038, 2, 1, 'SE(EX)', NULL, NULL),
(1039, 3, 1, 'IEM(EX)', NULL, NULL),
(1040, 3, 1, 'DT(EX)', NULL, NULL),
(1041, 11, 1, 'DI(EX)', NULL, NULL),
(1042, 12, 1, 'DC(EX)', NULL, NULL),
(1043, 7, 1, '(EX)', NULL, NULL),
(1044, 7, 2, '(EX)', NULL, NULL),
(1046, 10, 1, 'PT (EX)', 1, NULL),
(1047, 10, 2, 'PT (EX)', 1, NULL),
(1048, 10, 3, 'PT (EX)', 1, NULL),
(1049, 10, 4, 'PT (EX)', 1, NULL),
(1050, 3, 1, 'PT_IEM(EX)', NULL, NULL),
(1051, 3, 1, 'PT_DT(EX)', NULL, NULL),
(1052, 12, 1, 'PT_DC(EX)', NULL, NULL),
(1053, 12, 2, 'PT_DC(EX)', NULL, NULL),
(1054, 3, 2, 'PT_DT(EX)', NULL, NULL),
(1055, 3, 2, 'PT_IEM(EX)', NULL, NULL),
(1056, 2, 2, 'PT_SE(EX)', NULL, NULL),
(1057, 2, 3, 'PT_SE(EX)', NULL, NULL),
(1058, 3, 3, 'PT_IEM(EX)', NULL, NULL),
(1059, 3, 3, 'PT_DT(EX)', NULL, NULL),
(1060, 12, 3, 'PT_DC(EX)', NULL, NULL),
(1061, 1, 2, 'IS(EX)', NULL, NULL),
(1062, 2, 2, 'SE(EX)', NULL, NULL),
(1063, 3, 2, 'IEM(EX)', NULL, NULL),
(1064, 3, 2, 'DT(EX)', NULL, NULL),
(1065, 11, 2, 'DI(EX)', NULL, NULL),
(1066, 12, 2, 'DC(EX)', NULL, NULL),
(1067, 6, 1, 'PT(EX)', NULL, NULL),
(1068, 6, 2, 'PT(EX)', NULL, NULL),
(1069, 6, 3, 'PT(EX)', NULL, NULL),
(1070, 6, 4, 'PT(EX)', NULL, NULL),
(2000, 13, 1, ' All (EX)', NULL, NULL);

-- --------------------------------------------------------

--
-- Table structure for table `course_table`
--

CREATE TABLE `course_table` (
  `id` bigint(20) NOT NULL,
  `course_code` varchar(15) NOT NULL,
  `course_name` varchar(100) NOT NULL,
  `duration` int(11) NOT NULL COMMENT 'Duration of the course in years ... (BE=> 4 , BSC=> 3)'
) ENGINE=InnoDB DEFAULT CHARSET=latin1;

--
-- Dumping data for table `course_table`
--

INSERT INTO `course_table` (`id`, `course_code`, `course_name`, `duration`) VALUES
(1, 'ME', 'Master of Engineering', 1),
(2, 'BE', 'Bachelor of Engineering', 2),
(3, 'MSC', 'Master of Science', 3);

-- --------------------------------------------------------

--
-- Table structure for table `department_table`
--

CREATE TABLE `department_table` (
  `id` bigint(20) NOT NULL,
  `faculty_id` bigint(20) DEFAULT NULL COMMENT 'Head of Department',
  `department_code` varchar(10) NOT NULL,
  `department_name` varchar(100) NOT NULL,
  `course_id` bigint(20) NOT NULL
) ENGINE=InnoDB DEFAULT CHARSET=latin1;

--
-- Dumping data for table `department_table`
--

INSERT INTO `department_table` (`id`, `faculty_id`, `department_code`, `department_name`, `course_id`) VALUES
(1, 1, 'IT', 'Information Technology', 1),
(2, 6, 'CS', 'Computer Engineering', 1),
(3, 1, 'ME', 'Mechanical Engineering', 1),
(4, 1, 'CV', 'Civil Engineering', 2),
(5, 1, 'EI', 'Electronics and Instrumentation', 2),
(6, 5, 'TC', 'Electronics and Telecommunication', 2),
(7, 3, 'AS', 'Applied Science', 3),
(8, 1, 'IT', 'Information Technology', 2),
(9, 1, 'CS', 'Computer Engineering', 2),
(10, 1, 'ME', 'Mechanical Engineering', 2),
(11, 1, 'EI', 'Electronics and Instrumentation', 1),
(12, 1, 'TC', 'Electronics and Telecommunication', 1),
(13, NULL, 'FY', '', 2),
(14, NULL, 'AS', 'Applied Science', 1),
(15, NULL, 'AS', 'Applied Science', 2);

-- --------------------------------------------------------

--
-- Table structure for table `schema_table`
--

CREATE TABLE `schema_table` (
  `classid` varchar(20) NOT NULL,
  `sem` int(1) DEFAULT NULL,
  `subcode` varchar(50) NOT NULL,
  `subtype` int(1) DEFAULT NULL,
  `rollno` varchar(20) NOT NULL,
  `status1` int(11) NOT NULL
) ENGINE=InnoDB DEFAULT CHARSET=utf8;

--
-- Dumping data for table `schema_table`
--

INSERT INTO `schema_table` (`classid`, `sem`, `subcode`, `subtype`, `rollno`, `status1`) VALUES
('11', 3, 'ACP1C2', 0, '18C3090', 1),
('11', 3, 'ACR3C1', 2, '18C3090', 1),
('11', 3, 'ACP1C2', 0, '18C3091', 0),
('11', 3, 'ACR3C1', 2, '18C3091', 0),
('11', 3, 'ACP1C2', 0, '18C3092', 0),
('11', 3, 'ACR3C1', 2, '18C3092', 0),
('11', 3, 'ACP1C2', 0, '18C3093', 0),
('11', 3, 'ACR3C1', 2, '18C3093', 0),
('11', 3, 'ACP1C2', 0, '18C3094', 0),
('11', 3, 'ACR3C1', 2, '18C3094', 0);

-- --------------------------------------------------------

--
-- Table structure for table `subject_table`
--

CREATE TABLE `subject_table` (
  `id` bigint(20) NOT NULL,
  `subject_code` varchar(10) NOT NULL,
  `subject_name` varchar(100) NOT NULL,
  `theory_credits` int(1) DEFAULT 0,
  `practical_credits` int(1) DEFAULT 0,
  `department_id` bigint(20) DEFAULT NULL
) ENGINE=InnoDB DEFAULT CHARSET=latin1;

--
-- Dumping data for table `subject_table`
--

INSERT INTO `subject_table` (`id`, `subject_code`, `subject_name`, `theory_credits`, `practical_credits`, `department_id`) VALUES
(48, 'ACR1C2', 'Chemistry and Environment Science', 4, 1, 15),
(49, 'ACR3C1', 'Applied Mathematics-III ', 4, 0, 15),
(50, 'AIR3C1', 'Discrete Maths ', 4, 0, 15),
(51, 'AM1GE1', 'Computer Architecture & Dco', 4, 0, 7),
(52, 'AM1PC1', 'Algebra', 4, 0, 7),
(53, 'AM1PC2', 'Discrete Mathematics', 4, 0, 7),
(54, 'AM1PC3', 'Numerical Analysis & Integral Equations', 4, 0, 7),
(55, 'AM1SS1', 'Adavanced Communication Skills', 2, 0, 7),
(56, 'AM3GE1', 'Os / Microprocessor', 4, 0, 7),
(57, 'AM3PC1', 'Topology', 4, 0, 7),
(58, 'AM3PC2', 'Database Theory', 4, 0, 7),
(59, 'AM3PC3', 'Mathematical Statistics', 4, 0, 7),
(60, 'AM3SS2', 'Life Management Skills', 2, 0, 7),
(61, 'AMR1C1', 'Applied Mathematics - I', 4, 0, 15),
(62, 'AMR2C1', 'Applied Mathematics - II', 4, 0, 15),
(63, 'AMR3C1', 'Applied Mathematics-III', 4, 0, 15),
(65, 'APR2C2', 'Applied Physics', 4, 1, 15),
(66, 'ASR1S1', 'Soft Skills - I', 2, 0, 14),
(68, 'ASR2S2', 'Soft Skills - II', 2, 0, 14),
(69, 'ATR3C1', 'Applied Mathematics-III', 4, 0, 15),
(70, 'AVR3C1', 'Applied Mathematics? - III', 4, 0, 15),
(71, 'CER3C2', 'Object Oriented Programming ', 4, 1, 9),
(72, 'CER3C3', 'Data Structure Using C ', 4, 1, 9),
(73, 'CER3C4', 'Digital Electronics ', 4, 1, 9),
(74, 'CER3G1', 'Computer Organisation & Arcitecture ', 4, 0, 9),
(75, 'COR2C5', ' Computer Programming', 4, 1, 9),
(76, 'DCR1C1', 'Modern Communication System', 4, 1, 12),
(77, 'DCR1C2', 'Embedded System Using Arm Microcontroller', 4, 1, 12),
(78, 'DCR1C3', 'Advance Computer Networking', 4, 1, 12),
(79, 'DCR1E2', 'Object Oriented Programming', 4, 1, 12),
(80, 'DCR1G1', 'Advance System Design', 4, 0, 12),
(81, 'DCR2C1', 'Modelling and Simulation', 4, 1, 12),
(82, 'DCR2C2', 'Mobile Comm. Networks', 4, 1, 12),
(83, 'DCR2C3', 'System Design Using Verilog', 4, 1, 12),
(84, 'DCR2E1', 'Elective - II', 4, 1, 12),
(85, 'DCR2Ex', 'Elective - II', 4, 1, 12),
(86, 'DCR2Gx', 'Generic Elective - II', 4, 0, 12),
(87, 'DIR1C1', 'Industrial Transducers & Smart Sensors', 4, 1, 11),
(88, 'DIR1C2', 'Embedded Systems Using Arm Microcontroller', 4, 1, 11),
(89, 'DIR1C3', 'Modern Control Systems', 4, 1, 11),
(90, 'DIR1E2', 'Object Oriented Programming', 4, 1, 11),
(91, 'DIR1G1', 'Advance System Design', 4, 0, 11),
(92, 'DIR1G3', 'Advance Computer Networking', 4, 0, 11),
(93, 'DIR2C1', 'Digital Image Processing', 4, 1, 11),
(94, 'DIR2C2', 'Process Instru& Industrial C.', 4, 1, 11),
(95, 'DIR2C3', 'System Design Using Verilog', 4, 1, 11),
(96, 'DIR2G3', 'Generic Elective  - II Modelling', 4, 0, 11),
(97, 'DTP3C1', 'Machinary Fault Diagnosis & Signal Processesing', 4, 1, 3),
(98, 'DTP3C2', 'Advanced Refrigeration & Air Conditioning', 4, 1, 3),
(99, 'DTP3G1', 'Advanced Heat Tranfer', 4, 0, 3),
(100, 'DTR1C1', 'Tribology', 4, 1, 3),
(101, 'DTR1C2', 'Design of Internal Combustion Engine Systems', 4, 1, 3),
(102, 'DTR1C3', 'Advance Machine Design', 4, 1, 3),
(103, 'DTR1E1', 'Advanced Mechanics of Solids', 4, 0, 3),
(104, 'DTR1G1', 'Advance Thermodynamics', 4, 0, 3),
(105, 'DTR2C1', 'Machinery Fault Diagnosis & Signal Processing', 4, 1, 3),
(106, 'DTR2C2', 'Advanced Rac', 4, 1, 3),
(107, 'DTR2C3', 'Computer Aided Mechanism Design', 4, 1, 3),
(108, 'DTR2E1', 'M/C Vibrations Analysis', 4, 0, 3),
(109, 'DTR2G1', 'Advanced Heat Transfer', 4, 0, 3),
(110, 'EIR1C4', 'Basics Electronics', 4, 1, 5),
(111, 'EIR2C4', ' Electrical Engineering', 4, 1, 5),
(112, 'AER3C1', 'Applied Mathematics-III', 4, 0, 15),
(113, 'EIR3C2', 'Digital Electronics', 4, 1, 5),
(114, 'EIR3C3', 'Data Structure', 4, 1, 5),
(115, 'EIR3C4', 'Network Analysis', 4, 1, 5),
(116, 'EIR3G1', 'Electronic Devices & Fabrication', 4, 0, 5),
(117, 'ETR1C4', 'Basic Electronics', 4, 1, 6),
(118, 'ETR3C2', 'Digital Electronics', 4, 1, 6),
(119, 'ETR3C3', 'Data Structure', 4, 1, 6),
(120, 'ETR3C4', 'Network Analysis', 4, 1, 6),
(121, 'ETR3G1', 'Electronic Devices & Fabrication', 4, 0, 6),
(122, 'IMP3C1', 'Financial Management', 4, 1, 3),
(123, 'IMP3C2', 'Materials Management', 4, 1, 3),
(124, 'IMP3G1', 'Project Management', 4, 0, 3),
(125, 'IMR1C1', 'Productivity & Technology Management', 4, 1, 3),
(126, 'IMR1C2', 'Quantitative Techniques for Management', 4, 1, 3),
(127, 'IMR1C3', 'Production & Operations Management', 4, 1, 3),
(128, 'IMR1E1', 'Statistical Quality Control and Total Quality Management', 4, 1, 3),
(129, 'IMR1G1', 'Principles & Practices of Management', 4, 0, 3),
(130, 'IMR2C1', 'Financial Management', 4, 1, 3),
(131, 'IMR2C2', 'Materials Management', 4, 1, 3),
(132, 'IMR2C3', 'Supply Chain Management', 4, 1, 3),
(133, 'IMR2E1', 'Marketing Management', 4, 1, 3),
(134, 'IMR2G1', 'Project Management', 4, 0, 3),
(135, 'ISR1C1', 'Advance Algorithms', 4, 1, 1),
(136, 'ISR1C2', 'Secure Computing Techniques', 4, 1, 1),
(137, 'ISR1C3', 'Advance Computer Networks', 4, 1, 1),
(138, 'ISR1E1', 'Data Security', 4, 1, 1),
(139, 'ISR1G1', 'Soft Computing', 4, 0, 1),
(140, 'ISR2C1', 'Information Security and Management', 4, 1, 1),
(141, 'ISR2C2', 'Digital Forencics & Security Audit', 4, 1, 1),
(142, 'ISR2C3', 'Security Wireless Network', 4, 1, 1),
(143, 'ISR2E1', 'Biometric System and Security', 4, 1, 1),
(144, 'ISR2G2', 'Applied Cryptography', 4, 0, 1),
(145, 'ITR3C2', 'Object Oriented Programming  ', 4, 1, 8),
(146, 'ITR3C3', 'Data Structures  ', 4, 1, 8),
(147, 'ITR3C4', 'Digital Electronics  ', 4, 1, 8),
(148, 'ITR3G1', 'Computer Organization & Architecture', 4, 0, 8),
(149, 'MER1C3', 'Elements of Mechanical Engineering', 4, 1, 10),
(150, 'MER2C3', 'Engineering Drawing', 3, 2, 10),
(151, 'MER3C2', 'Strength of Materials', 4, 1, 10),
(152, 'MER3C3', 'Material Science', 4, 1, 10),
(153, 'MER3C4', 'Manufacturing Processes', 4, 1, 10),
(154, 'MER3G1', 'Applied Thermodynamics', 4, 0, 10),
(155, 'MTR3S3', 'Effective Communication Skills', 2, 0, 15),
(156, 'SCR3S3', 'Environmental Studies ', 2, 0, 15),
(157, 'SEP3C1', 'Software Project Planning and Management', 4, 1, 2),
(158, 'SEP3C2', 'Design Pattern', 4, 1, 2),
(159, 'SEP3C4', 'Software Project Planning & Mgmt', 4, 1, 2),
(160, 'SEP3C5', 'Design Pattern', 4, 0, 2),
(161, 'SEP3G1', 'Data Mining & Warehousing', 4, 0, 2),
(162, 'SER1C1', 'Advance Algorithms', 4, 1, 2),
(163, 'SER1C2', 'Objet Oriented Analysis & Design', 4, 1, 2),
(164, 'SER1C3', 'Software Construction', 4, 1, 2),
(165, 'SER1E1', 'Database Engineering', 4, 1, 2),
(166, 'SER1G1', 'Soft Computing', 4, 0, 2),
(167, 'SER2C1', 'Software Project Planning & Mgmt', 4, 1, 2),
(168, 'SER2C2', 'Design Patterns', 4, 1, 2),
(169, 'SER2C3', 'Software Testing & Qa', 4, 1, 2),
(170, 'SER2Ex', 'Elective Ii', 4, 1, 2),
(171, 'SER2G1', 'Data Mining and Warehousing', 4, 0, 2),
(172, 'SIR3S1', 'Life  Skills Management ', 2, 0, 15),
(173, 'SIR3S3', 'Life Skills Management', 2, 0, 15),
(174, 'SSR1S1', 'Technical English', 4, 0, 15),
(175, 'SSR2S2', 'Humanities', 2, 0, 15),
(176, 'STR3S3', 'Effective Communication Skills', 2, 0, 15),
(177, 'SVR3S3', 'Life Management Skills', 2, 0, 15),
(178, 'VLR3C2', 'Applied Mechanics & Strength of Material', 4, 1, 4),
(179, 'VLR3C3', 'Surveying', 4, 1, 4),
(180, 'VLR3C4', 'Construction Material & Technology', 4, 1, 4),
(181, 'VLR3G1', 'Structural Mechanics', 4, 0, 4),
(337, 'CER4C1', 'Discrete Structures', 4, 0, 9),
(338, 'CER4C2', 'Operating System', 4, 1, 9),
(339, 'CER4C3', 'Abstraction & Paradigms of Prog.', 4, 1, 9),
(340, 'CER4C$', 'Database Management System', 0, 0, 9),
(341, 'CER4C4', 'Database Management System', 4, 1, 9),
(342, 'CER4G2', 'Digital Signal Processing', 4, 0, 9),
(343, 'AIR4C1', 'Numerical & Optimization Techniques', 4, 0, 15),
(344, 'ITR4C2', 'Operating Systems', 4, 1, 8),
(345, 'ITR4C3', 'Software Engineering', 4, 1, 8),
(346, 'ITR4C4', 'Database Management System', 4, 1, 8),
(347, 'ITR4G2', 'Digital Communication Engineering', 4, 0, 8),
(348, 'VLR4C1', 'Engineering Geology', 4, 1, 4),
(349, 'VLR4C2', 'Fluid Mechanics - I', 4, 1, 4),
(350, 'VLR4C3', 'Advanced Surveying', 4, 1, 4),
(351, 'VLR4C4', 'Design of Rcc Strctures - I', 4, 1, 4),
(352, 'VLR4G2', 'Environmental Engineering - I', 4, 0, 4),
(353, 'MER4C1', 'Industrial Engineering & Management', 4, 0, 10),
(354, 'MER4C2', 'Theory of Machines', 4, 1, 10),
(355, 'MER4C3', 'Machine Design & Drawing', 4, 1, 10),
(356, 'MER4C4', 'Fluid Mechanics', 4, 1, 10),
(357, 'MER4G2', 'Mechatronics', 4, 0, 10),
(358, 'EIR4C1', 'Digital Computer Organization & Architecture', 4, 0, 5),
(359, 'EIR4C2', 'Electrical & Electronic Measurement', 4, 1, 5),
(360, 'EIR4C3', 'Analog Electronics', 4, 1, 5),
(361, 'EIR4C4', 'Sensor & Transducers', 4, 1, 5),
(362, 'EIR4G2', 'Signals & Systems', 4, 0, 5),
(363, 'ETR4C1', 'Computer Organization & Architecture', 4, 0, 6),
(364, 'ETR4C2', 'Electrical & Electronic Measurement', 4, 1, 6),
(365, 'ETR4C3', 'Analog Electronics', 4, 1, 6),
(366, 'ETR4C4', 'Analog Communications', 4, 1, 6),
(367, 'ETR4G2', 'Signals & Systems', 4, 0, 6),
(368, 'SIR4S4', 'Communication Skills', 2, 0, 15),
(369, 'SMR4S4', 'Engineering Economics', 2, 0, 15),
(371, 'SCR4S4', 'Engineering Economics', 2, 0, 15),
(372, 'SVR4S4', 'Communications Skills', 2, 0, 15),
(373, 'AM2PC1', 'Real Analysis/Measure Theory', 4, 0, 7),
(374, 'AM2PC2', 'Advance Differential Equations', 4, 0, 7),
(375, 'AM2PC3', 'Theory of Computation', 4, 0, 7),
(376, 'STR4S4', 'Engineering Economics', 2, 0, 15),
(379, 'SER4S4', 'Engineering Economics', 2, 0, 7),
(382, 'AM2EC2', 'Comp. Graphics /Multimedia', 3, 0, 7),
(383, 'AM2EM1', 'Operations Research-I', 3, 0, 7),
(384, 'AM4EC1', 'Advanced Java', 3, 0, 7),
(385, 'AM4EM1', 'Operations Research - II', 3, 0, 7),
(386, 'AM4PC1', 'Complex Analysis', 4, 0, 7),
(387, 'AM4PC2', 'Analysis of Algorithm', 4, 0, 7),
(388, 'AM4PC3', 'Functional Analysis', 4, 0, 7),
(389, 'SER2E1', 'Speech & Language Processing', 4, 1, 2),
(390, 'DIR2E1', 'Analog and Digital Cmos Circuit Design', 4, 1, 11),
(395, 'DCR2G1', 'Broadband Access Technology', 4, 0, 12),
(398, 'ETR5C1', 'Object Oriented Programming', 4, 0, 6),
(399, 'ETR5C2', 'Digital Communication', 4, 1, 6),
(400, 'ETR5C3', 'Emf and Transmission Line', 4, 1, 6),
(401, 'ETR5E1', 'Microcontrollers', 4, 1, 6),
(402, 'STR5S5', 'Principles of Management', 2, 0, 15),
(403, 'ETR5G3', 'Digital Signal Processing', 4, 0, 6),
(404, 'CER5C1', 'Theory of Computation', 4, 0, 9),
(405, 'CER5C2', 'Software Engineering', 4, 1, 9),
(406, 'CER5C3', 'Computer Network', 4, 1, 9),
(407, 'CER5E1', 'Server Side Programming', 4, 1, 9),
(408, 'CER5G3', 'Object Oriented Analysis & Design', 4, 0, 9),
(409, 'SCR5S5', 'Engineering Leadership', 2, 0, 15),
(410, 'SMR3S3', 'Effective Comm. Skill', 2, 0, 15),
(411, 'EIR5C1', 'Object Oriented Programming', 4, 0, 5),
(413, 'EIR5C2', 'Analog & Digital Comm.', 4, 1, 5),
(417, 'EIR5C3', 'Power Electronics', 4, 1, 5),
(418, 'EIR5E1', 'Microcontrollers', 4, 1, 5),
(421, 'SER5S5', 'Other Courses - 5 (Skill)', 2, 0, 15),
(422, 'EIR5G3', 'Digital Signal Processing', 4, 0, 5),
(423, 'EIR5L3', 'Software Workshop - II', 0, 1, 5),
(431, 'VLR5C1', 'Design of Rcc Structures Ï¿½?? Ii ', 4, 0, 4),
(432, 'VLR5C2', 'Fluid Mechanics - II', 4, 1, 4),
(433, 'VLR5C3', 'Quantity Surveying & Costing', 4, 1, 4),
(434, 'VLR5E1', 'Geotechnical Engineering - I', 4, 1, 4),
(435, 'VLR5G3', 'Water Resources Engineering', 4, 0, 4),
(436, 'SVR5S5', 'Professional Skills - I', 2, 0, 15),
(437, 'ITR5C1', 'Theory of Computation', 4, 0, 8),
(438, 'ITR5C2', 'Object Oriented Analysis & Design', 4, 1, 8),
(439, 'ITR5C3', 'Computer Network', 4, 1, 8),
(440, 'ITR5G3', 'Applied Statistics', 4, 0, 8),
(441, 'ITR5E1', 'Web Technologies', 4, 1, 8),
(442, 'SIR5S5', 'Principal of Management', 2, 0, 15),
(445, 'MER5C1', 'Dynamics of Machine', 4, 1, 10),
(446, 'MER5C2', 'Machine Design - I', 4, 0, 10),
(447, 'MER5C3', 'Heat & Mass Transfer', 4, 1, 10),
(448, 'MER5C4', 'IC Engines and Jet Propulsion', 4, 1, 10),
(449, 'MER5G1', 'Production Engineering ', 4, 0, 10),
(450, 'SMR5S5', 'Principles of Management', 2, 0, 15),
(451, 'SER1W1', 'Seminar/ Workshop/Research Tool', 2, 0, 2),
(452, 'CER6C1', 'Computer Graphics & Visualization', 4, 0, 9),
(453, 'CER6C2', 'Design and Analysis of Algorithm', 4, 1, 9),
(454, 'CER6C3', 'Compiler Techniques', 4, 1, 9),
(455, 'CER6E1', 'Data Warehousing & Mining', 4, 1, 9),
(456, 'CER6G4', 'Wireless and Mobile Networks', 4, 0, 9),
(457, 'SCR6S6', 'Professional Development', 2, 0, 15),
(458, 'AM2EC1', 'Object Oriented Prog. With Core Java', 3, 0, 7),
(459, 'AM2PR2', 'Computer Lab - II', 0, 2, 7),
(460, 'AM2CV2', 'Comprehensive Viva - II', 0, 4, 7),
(461, 'IMR2W2', 'Seminar/Res. Tool/Workshop - II', 2, 0, 3),
(462, 'IMR2V2', 'Comprehensive Viva - II', 0, 4, 3),
(463, 'ISR2W2', 'Seminar / Workshop - II', 0, 2, 1),
(464, 'ISR2V2', 'Comprehensive Viva - II', 0, 4, 1),
(465, 'SER2W2', 'Seminar / Workshop - II', 0, 2, 2),
(466, 'SER2V2', 'Comprehensive Viva - II', 0, 4, 2),
(467, 'DIR2W2', 'Seminar/Workshop/Research Tools - II', 2, 0, 11),
(468, 'DIR2V2', 'Comprehensive Viva - II', 0, 4, 11),
(469, 'DCR2W2', 'Seminar/Workshop/Research Tools - II', 2, 0, 12),
(470, 'DCR2V2', 'Comprehensive Viva - II', 0, 4, 12),
(471, 'DTR2W2', 'Seminar/Workshop/Research Tools - II', 0, 2, 3),
(472, 'DTR2V2', 'Comprehensive Viva - II', 0, 4, 3),
(473, 'BER2V2', 'Comprehensive Viva - II', 0, 4, 15),
(474, 'BER1V1', 'Comprehensive Viva - I', 0, 4, 15),
(475, 'CER4V4', 'Comprehensive Viva - Iv', 0, 4, 9),
(476, 'ITR4V4', 'Comprehensive Viva - Iv', 0, 4, 8),
(477, 'ITR4L2', 'Smart Systems Lab', 0, 1, 8),
(478, 'ETR4V4', 'Comprehensive Viva - Iv', 0, 4, 6),
(479, 'ETR4L2', 'Electronic Workshop - II', 0, 1, 6),
(480, 'EIR4L2', 'Electronic Workshop - II', 0, 1, 5),
(481, 'EIR4V4', 'Comprehensive Viva - Iv', 0, 4, 5),
(482, 'MER4V4', 'Comprehensive Viva - Iv', 0, 4, 10),
(483, 'MER4L2', 'Workshop/App. Thermodynamics - II', 0, 1, 10),
(484, 'VLR4V4', 'Comprehensive Viva - Iv', 0, 4, 4),
(485, 'VLR4L2', 'Engineering Geology Lab', 0, 1, 4),
(486, 'CER6V6', 'Comprehensive Viva - Vi', 0, 4, 9),
(487, 'CER6L4', 'Computer Graphics Lab', 0, 1, 9),
(488, 'ITR6L4', 'Mobile Technology Lab', 0, 1, 8),
(489, 'ITR6V6', 'Comprehensive Viva - Vi', 0, 4, 8),
(490, 'ETR6V6', 'Comprehensive Viva - Vi', 0, 4, 6),
(491, 'ETR6L4', 'Design Workshop', 0, 1, 6),
(492, 'EIR6L4', 'Design Workshop', 0, 1, 5),
(493, 'EIR6V6', 'Comprehensive Viva - Vi', 0, 4, 5),
(494, 'MER6V6', 'Comprehensive Viva - Vi', 0, 4, 10),
(495, 'MER6L4', 'Workshop/Machine Design - II Lab', 0, 1, 10),
(496, 'VLR6L4', 'Technical Skills', 0, 1, 4),
(497, 'VLR6V6', 'Comprehensive Viva - Vi', 0, 4, 4),
(498, 'AVR4C1', 'Engineering Geology', 4, 0, 4),
(499, 'VLR6C1', 'Structural Analysis - I', 4, 0, 4),
(500, 'VLR6C2', 'Transportation Engineering - I', 4, 1, 4),
(501, 'VLR6C3', 'Design of Steel Structures - I', 4, 1, 4),
(502, 'VLR6E1', 'Geotechnical Engineering - II', 4, 1, 4),
(503, 'VLR6G4', 'Construction Planning & Management', 4, 0, 4),
(504, 'SVR6S6', 'Entrepreneurship Development & Ipr', 2, 0, 15),
(505, 'MER1C5', 'Workshop Practice', 0, 2, 10),
(506, 'EIR6C1', 'Vlsi Design', 4, 0, 5),
(507, 'EIR6C2', 'Medical & Analytical Instrumentation', 4, 1, 5),
(508, 'EIR6C3', 'Control System', 4, 1, 5),
(509, 'EIR6E1', 'Linear Integrated Circuit', 4, 1, 5),
(510, 'SER6S6', 'Entrepreneurship and IPR Development', 2, 0, 7),
(511, 'EIR6G4', 'Computer Network', 4, 0, 5),
(513, 'ETR6C1', 'Vlsi Design', 4, 0, 6),
(514, 'ETR6C2', 'Mobile & Wireless Communication', 4, 1, 6),
(515, 'ETR6C3', 'Control System', 4, 1, 6),
(516, 'ETR6E1', 'Linear Integrated Circuits', 4, 1, 6),
(517, 'STR6S6', 'Enterpreneurship and Ipr Development', 2, 0, 15),
(518, 'ETR6G4', 'Computer Networks', 4, 0, 6),
(519, 'AM4EC3', 'Computer Network/Internet & Web Technology', 3, 0, 7),
(520, 'AM4PR4', 'Computer Lab - Iv', 0, 2, 7),
(521, 'AM4CV4', 'Comprehensive Viva - Iv', 0, 4, 7),
(522, 'ITR6C1', 'Wireless Protocols and Mobile Networks', 4, 0, 8),
(523, 'ITR6C2', 'Design and Anlaysis of Algorithms', 4, 1, 8),
(524, 'ITR6C3', 'Network and Information Security', 4, 1, 8),
(525, 'ITR6G4', 'Compiler Design', 4, 0, 8),
(526, 'SIR6S6', 'Entrepreneurship Development & Ipr', 2, 0, 15),
(527, 'ITR6E1', 'Software Testing & Quality Assurance', 4, 1, 8),
(528, 'CER4L2', 'Hands-on Android Programming', 0, 1, 9),
(529, 'MER6C1', 'Machine Design - II', 4, 0, 10),
(530, 'MER6C2', 'Production Engineering - II', 4, 1, 10),
(531, 'MER6C3', 'Fluid Machines', 4, 1, 10),
(532, 'MER6C4', 'Energy Conversion System', 4, 1, 10),
(533, 'MER6G1', 'Materials Management', 4, 0, 10),
(534, 'SMR6S6', 'Entrepreneurship Development & Ipr', 2, 0, 15),
(535, 'ISR2G1', 'Advance Cloud Computing', 4, 0, 1),
(536, 'AMP1C1', 'Applied Mathematics - I', 3, 0, 15),
(537, 'ACP1C2', 'Chemistry & Environment Science', 3, 1, 15),
(538, 'MEP1C3', 'Elements of Mechanical Engineering', 3, 1, 10),
(539, 'ETP1C4', 'Basic Electrical Engineering', 3, 1, 6),
(540, 'MEP4C1', 'Theory of Machines', 3, 1, 10),
(541, 'MEP4C2', 'Mechatronics', 3, 1, 10),
(542, 'MEP4G1', 'Applied Thermodynamics', 3, 0, 10),
(543, 'MEP4E1', 'Fluid Mechanics', 3, 1, 10),
(544, 'MEP6C1', 'Production Engineering', 3, 1, 10),
(545, 'MEP6C2', 'Fluid Machines', 3, 1, 10),
(546, 'MEP6G1', 'Machine Design - II', 3, 0, 10),
(547, 'MEP6E1', 'Energy Conversion Systems', 3, 1, 10),
(548, 'SEP2C3', 'Software Construction', 4, 1, 2),
(549, 'SEP2E1', 'Database Engineering', 4, 1, 2),
(550, 'ASP2S1', 'Soft Skills - I', 2, 0, 14),
(551, 'SEP2W1', 'Seminar/Workshop/Research Tool', 2, 0, 2),
(552, 'SEP2V2', 'Comprehensive Viva - II', 0, 4, 2),
(553, 'DCP2C3', 'Advance Computer Networks', 4, 1, 12),
(554, 'DCP2E1', 'Satellite Communication', 4, 1, 12),
(555, 'DCP2W1', 'Seminar/Workshop/Research Tool', 0, 2, 12),
(556, 'DCP2V2', 'Comprehensive Viva - II', 0, 2, 12),
(557, 'IMP2C3', 'Production & Operations System', 4, 1, 3),
(558, 'IMP2E1', 'Sqc & Tqm', 4, 1, 3),
(559, 'IMP2W1', 'Research/Workshop/Research Tool', 2, 0, 3),
(560, 'IMP2V2', 'Comprehensive Viva - II', 0, 2, 3),
(561, 'DCP4C3', 'System Design Using Verilog', 4, 1, 12),
(562, 'DCP4E1', 'Analog & Digital Cmos Ckt', 4, 1, 12),
(563, 'DCP4W2', 'Seminar/Workshop/Research Tool', 2, 0, 12),
(564, 'DCP4V4', 'Comprehensive Viva - Iv', 0, 2, 12),
(565, 'IMP4C3', 'Supply Chain Management', 4, 1, 3),
(566, 'IMP4E1', 'Marketing Management', 4, 1, 3),
(567, 'ASP4S2', 'Soft Skills - II', 2, 0, 14),
(568, 'IMP4W2', 'Seminar/Workshop/Research Tool', 2, 0, 3),
(569, 'IMP4V4', 'Comprehensive Viva - Iv', 0, 2, 3),
(570, 'DTP4C3', 'Machine Vibrations Analysis', 4, 1, 3),
(571, 'DTP4E1', 'Computer Aided Mechanism Design', 4, 1, 3),
(572, 'DTP4W2', 'Seminar/Workshop/Research Tool', 2, 0, 3),
(573, 'DTP4V4', 'Comprehensive Viva - Iv', 0, 2, 3),
(574, 'BEP2V2', 'Comprehensive Viva - II', 0, 4, 10),
(575, 'BEP4V4', 'Comprehensive Viva - Iv', 0, 4, 10),
(576, 'BEP6V6', 'Comprehensive Viva - Vi', 0, 4, 10),
(577, 'DCP6V6', 'Comprehensive Viva - VI', 0, 4, 12),
(578, 'ISR4V4', 'Comprehensive Viva - Iv', 0, 4, 1),
(579, 'SER4V4', 'Comprehensive Viva - Iv', 0, 4, 2),
(580, 'SER3V3', 'Comprehensive Viva - III', 0, 4, 2),
(581, 'MEP3C1', 'Material Science', 3, 1, 10),
(582, 'DTR4V4', 'Comprehensive Viva - Iv', 0, 4, 3),
(583, 'VLR3L1', 'Drafting & Computational Skills', 0, 1, 4),
(584, 'VLR3V3', 'Comprehensive Viva - III', 0, 4, 4),
(585, 'MEP5C2', 'Heat Transfer', 4, 1, 10),
(586, 'MEP3G1', 'Machine Design & Drawing', 3, 0, 10),
(587, 'MEP3E1', 'Manufacturing Processes', 3, 1, 10),
(588, 'MEP3C2', 'Strength of Materials', 3, 1, 10),
(589, 'MEP5E1', 'Heat & Mass Transfer', 3, 1, 10),
(590, 'SEP6V6', 'Comprehensive Viva - Vi', 0, 4, 2),
(591, 'IMR4V4', 'Comprehensive Viva - Iv', 0, 4, 3),
(592, 'IMP6V6', 'Comprehensive Viva - Vi', 0, 4, 3),
(593, 'DTP6V6', 'Comprehensive Viva - Vi', 0, 4, 3),
(594, 'ITR7P1', 'Project Phase - I', 0, 7, 8),
(595, 'ITR7C1', 'Cloud Computing', 4, 1, 8),
(596, 'ITR7C2', 'Computer Graphics', 4, 1, 8),
(597, 'ITR7E1', 'Big Data Analytics', 4, 1, 8),
(598, 'ITR7G5', 'Artificial Intellignence', 4, 0, 8),
(599, 'ITR7V7', 'Comprehensive Viva - VII', 0, 4, 8),
(600, 'CER7P1', 'Project Phase - I', 0, 7, 9),
(601, 'CER7C1', 'Distributed Computing', 4, 0, 9),
(602, 'CER7C2', 'Cloud Computing', 4, 1, 9),
(603, 'CER7C3', 'Artificial Intelligence', 4, 1, 9),
(604, 'CER7E1', 'Machine Learning', 4, 1, 9),
(605, 'CER7V7', 'Comprehensive Viva - VII', 0, 4, 9),
(606, 'ETR7P1', 'Project Phase - I', 0, 7, 6),
(607, 'ETR7C2', 'Operating System', 4, 0, 6),
(608, 'ETR7C3', 'Antenna and Wave Propogation', 4, 1, 6),
(609, 'ETR7C4', 'Rf and Microwave Engineeirng', 4, 1, 6),
(610, 'ETR7E1', 'Circuit Design Using Hdl', 4, 1, 6),
(611, 'ETR7V7', 'Comprehensive Viva - VII', 0, 4, 6),
(612, 'EIR7P1', 'Project Phase - I', 0, 7, 5),
(613, 'EIR7C2', 'Operating System', 4, 0, 5),
(614, 'EIR7C3', 'Intelligent Instrumentation System', 4, 1, 5),
(615, 'EIR7C4', 'Process Instrumentation & Control', 4, 1, 5),
(616, 'EIR7E1', 'Circuit Design Using Hdl', 4, 1, 5),
(617, 'EIR7V7', 'Comprehensive Viva - VII', 0, 4, 5),
(618, 'MER7C1', 'Operations Research', 4, 0, 10),
(619, 'MER7C2', 'Machine Design - III', 4, 1, 10),
(620, 'MER7C3', 'Refrigeration & Air Conditioning', 4, 1, 10),
(621, 'MER7E1', 'Sqc & Tqm', 4, 1, 10),
(622, 'MER7P1', 'Project Phase - I', 0, 7, 10),
(623, 'MER7V7', 'Comprehensive Viva - VII', 0, 4, 10),
(624, 'VLR7P1', 'Project Phase - I', 0, 7, 4),
(625, 'VLR7C1', 'Transportation Engineering - II', 4, 1, 4),
(626, 'VLR7C2', 'Design of Steel Structures - II', 4, 1, 4),
(627, 'VLR7E1', 'Environmental Engineering - II', 4, 1, 4),
(628, 'VLR7G5', 'Structural Analysis - II', 4, 0, 4),
(629, 'VLR7V7', 'Comprehensive Viva -VII', 0, 4, 4),
(630, 'AMP2C1', 'Applied Mathematics - I', 3, 0, 15),
(631, 'APP2C2', 'Applied Physics', 3, 1, 15),
(632, 'MEP2C3', 'Engineering Drawing', 3, 1, 10),
(633, 'ETP2C4', 'Basic Electronics', 3, 1, 6),
(634, 'CER3V3', 'Comprehensive Viva - III', 0, 4, 9),
(635, 'CER5V5', 'Comprehensive Viva - V', 0, 4, 9),
(636, 'SER1V1', 'Comprehensive Viva - I', 0, 4, 2),
(637, 'ISR1V1', 'Comprehensive Viva - I', 0, 4, 1),
(638, 'ISR3V3', 'Comprehensive Viva - III', 0, 4, 1),
(639, 'MER3V3', 'Comprehensive Viva - III', 0, 4, 10),
(640, 'MER5V5', 'Comprehensive Viva - V', 0, 4, 10),
(641, 'VLR5L3', 'Design Skills', 0, 1, 4),
(642, 'MEP3V3', 'Comprehensive Viva - III', 0, 4, 10),
(643, 'MEP5C1', 'Dynamics of Machines', 3, 1, 10),
(644, 'MEP5C3', 'IC Engine and Jet Propulsion', 3, 1, 10),
(645, 'MEP5G1', 'Machine Design - I', 3, 0, 10),
(646, 'MEP5V5', 'Comprehensive Viva - V', 0, 4, 10),
(647, 'MEP7C1', 'Machine Design - III', 3, 0, 10),
(648, 'MEP7C2', 'Refrigeration and Air Conditioning', 3, 1, 10),
(649, 'MEP7E1', 'Automobile Engineering', 3, 1, 10),
(650, 'MEP7P1', 'Project Phase - I', 0, 4, 10),
(651, 'MEP7V7', 'Comprehensive Viva - VII', 0, 4, 10),
(652, 'ETR3V3', 'Comprehensive Viva - III', 0, 4, 6),
(653, 'ETR5V5', 'Comprehensive Viva - V', 0, 4, 6),
(654, 'DCR1V1', 'Comprehensive Viva - I', 0, 4, 12),
(655, 'DCR1E1', 'Satellite Communication', 3, 1, 12),
(656, 'DCR3V3', 'Comprehensive Viva - III', 0, 4, 12),
(657, 'DCP1C1', 'Modern Communication System', 3, 1, 12),
(658, 'DCP1C2', 'Embedded System Using Arm Microcontroller', 3, 1, 12),
(659, 'DCP1G1', 'Advance System Design', 4, 0, 12),
(660, 'DTR1V1', 'Comprehensive Viva - I', 0, 4, 3),
(661, 'IMR1V1', 'Comprehensive Viva - I', 0, 4, 3),
(662, 'DIR1V1', 'Comprehensive Viva - I', 0, 4, 11),
(663, 'SEP1C1', 'Advanced Algorithms', 4, 1, 2),
(664, 'SEP1C2', 'Object Oriented Analysis and Design', 4, 1, 2),
(665, 'SEP1G1', 'Soft Computing', 4, 0, 2),
(666, 'SEP1V1', 'Comprehensive Viva - I', 0, 2, 2),
(668, 'IMP1C1', 'Productivity and Technology Management', 4, 1, 3),
(669, 'IMP1C2', 'Quantitative Techniques for Management', 4, 1, 3),
(670, 'IMP1G1', 'Principles and Practice of Management', 4, 0, 3),
(671, 'IMP1V1', 'Comprehensive Viva - I', 0, 2, 3),
(672, 'DTP1C1', 'Tribology', 4, 1, 3),
(673, 'DTP1C2', 'Design of Internal Combustion Engine Systems', 4, 1, 3),
(674, 'DTP1G1', 'Advance Thermodynamics', 4, 0, 3),
(675, 'DTP1V1', 'Comprehensive Viva - I', 0, 2, 3),
(676, 'DCP1V1', 'Comprehensive Viva - I', 0, 4, 12),
(677, 'DCP3C1', 'Modelling and Simulation', 4, 1, 12),
(678, 'DCP3C2', 'Mobile Communication Networks', 4, 1, 12),
(679, 'DCP3G1', 'Broadband Access Technology', 4, 0, 12),
(680, 'DCP3V1', 'Comprehensive Viva - III', 0, 4, 12),
(681, 'DTP3V3', 'Comprehensive Viva - III', 0, 2, 3),
(682, 'IMP3V1', 'Comprehensive Viva - III', 0, 2, 3),
(683, 'SEP3V3', 'Comprehensive Viva - III', 0, 2, 2),
(684, 'SEP5V5', 'Comprehensive Viva - V', 0, 4, 2),
(685, 'IMP5V5', 'Comprehensive Viva - V', 0, 4, 3),
(686, 'DTP5V5', 'Comprehensive Viva - V', 0, 4, 3),
(687, 'DCP5V5', 'Comprehensive Viva - V', 0, 4, 12),
(688, 'VLR5V5', 'Comprehensive Viva - V', 0, 4, 4),
(689, 'DCP3G2', 'Nanodevices and Nanosensors', 4, 0, 12),
(690, 'AM1PR1', 'Computer Lab - I', 0, 2, 7),
(691, 'AM1CV1', 'Comprehensive Viva - I', 0, 4, 7),
(692, 'AM3CV3', 'Comprehensive Viva - III', 0, 4, 7),
(693, 'AM3PR3', 'Computer Lab - III', 0, 2, 7),
(694, 'ITR3V3', 'Comprehensive Viva - III', 0, 4, 8),
(695, 'ITR5V5', 'Comprehensive Viva - V', 0, 4, 8),
(696, 'ITR8V8', 'COMPREHENSIVE VIVA-VIII', 0, 4, 8),
(697, 'EIR3V3', 'Comprehensive Viva - III', 0, 4, 5),
(698, 'EIR5V5', 'Comprehensive Viva - V', 0, 4, 5),
(699, 'DIR3V3', 'Comprehensive Viva - III', 0, 4, 11),
(700, 'DIR4V4', 'Comprehensive Viva - V', 0, 4, 11),
(701, 'DCR4V4', 'Comprehensive Viva - IV', 0, 4, 12),
(702, 'DTR3V3', 'Comprehensive Viva - III', 0, 4, 3),
(703, 'IMR3V3', 'Comprehensive Viva - III', 0, 4, 3),
(704, 'DTP2V2', 'Comprehensive Viva - II', 0, 4, 3),
(705, 'MEP4V4', 'Comprehensive Viva - Iv', 0, 4, 10),
(706, 'MEP6V6', 'Comprehensive Viva - Vi', 0, 4, 10),
(707, 'MEP8V8', 'Comprehensive Viva - VIIi', 0, 4, 10),
(708, 'CER3L1', 'Computer Hardware Lab', 0, 1, 9),
(709, 'ETP2V2', 'Comprehensive Viva - II', 0, 4, 6),
(710, 'ETR5L3', 'Software Workshop', 0, 1, 6),
(711, 'MEP3C3', 'Manufacturing Process', 3, 1, 10),
(712, 'ITR3L1', 'Computer Hardware Lab', 0, 1, 8),
(713, 'ITR5L3', 'Scripting Language Laboratory', 0, 1, 8),
(714, 'COP2C4', 'Computer Programming in C++', 3, 1, 9),
(715, 'CER5L3', 'Software Lab', 0, 1, 9),
(716, 'EIR3L1', 'Electronic Workshop - I', 0, 1, 5),
(717, 'ETR3L1', 'Electronic Workshop - I', 0, 1, 6),
(718, 'MER3L1', 'Workshop (App. Thermodyanamics)', 0, 1, 10),
(719, 'DIP1C1', 'Industrial Transducers & Smart Sensors', 4, 1, 11),
(720, 'DIP1C2', 'Embedded System using ARM Microcontroller', 4, 1, 11),
(721, 'DIP1G1', 'Advance System Design', 4, 0, 11),
(722, 'DIP1V1', 'Comprehensive Viva - I', 0, 2, 11),
(723, 'ISR1W1', 'Seminar/Workshop/Research Tool', 2, 0, 1),
(724, 'SER3S3', 'Effective Comm. Skills', 2, 0, 15),
(725, 'MER5L3', 'Workshop/Practical (Machine Design - I)', 0, 1, 10),
(726, 'BEP1V1', 'Comprehensive Viva - I', 0, 4, 10),
(727, 'CER8C1', 'INFORMATION RETREIVAL & EXTRACTION', 4, 0, 9),
(728, 'CER8C2', 'NETWORK &INFORMAION SECURITY', 4, 1, 9),
(729, 'CER8C3', 'DATA SCIENCES', 4, 1, 9),
(730, 'ERR8E1', 'SOFT COMPUTING', 4, 1, 9),
(731, 'CER8V8', 'COMPREHENSIVE VIVA-VIII', 0, 4, 9),
(732, 'CER8P2', 'PROJECT PHASE-II', 0, 7, 9),
(733, 'ITR8P2', 'PROJECT PHASE-II', 0, 7, 8),
(734, 'ITR8C1', 'DATA WAREHOUSING & MINING', 4, 1, 8),
(735, 'ITR8C2', 'HUMAN-COMPUTER INTERACTION', 4, 1, 8),
(736, 'ITR8E1', 'MACHINE LEARNING', 4, 1, 8),
(737, 'ITR8G6', 'PRINCIPLES OF MOBILE COMPUTING', 4, 0, 8),
(739, 'ETR8P2', 'PROJECT PHASE-II', 0, 7, 6),
(740, 'MER8C1', 'PRODUCTION & OPERATIONS MANAGEMENT', 4, 0, 10),
(741, 'MER8C2', 'VIBRATION & NOISE CONTROL', 4, 1, 10),
(742, 'MER8C3', 'AUTOMOBILE ENGINEERING', 4, 1, 10),
(743, 'MER8E1', 'CAD/CAM', 4, 1, 10),
(744, 'MER8P2', 'PROJECT PHASE-II', 0, 7, 10),
(745, 'MER8V8', 'COMPREHENSIVE VIVA-VIII', 0, 4, 10),
(746, 'VLR8P2', 'PROJECT PHASE-II', 0, 7, 4),
(747, 'VLR8C1', 'DESIGN OFHYDRAULIC & IRRIGATION STRUCTURE', 4, 1, 4),
(748, 'VLR8C2', 'BULIDING PLANNING & ARCHITECTURE', 4, 1, 4),
(749, 'VLR8E1', 'DISASTER MODELLING & MANAGEMENT', 4, 1, 4),
(750, 'VLR8G6', 'CONSTRUCTION TECHNIQUES', 4, 0, 4),
(751, 'VLR8V8', 'COMPREHENSIVE VIVA-VIII', 0, 4, 4),
(752, 'ETR8C1', 'TELECOM NETWORKS', 4, 0, 6),
(753, 'ETR8C2', 'OTICAL COMMUNICATION', 4, 1, 6),
(754, 'ETR8C3', 'SATELLITE & NAVIGATION SYSTEM', 4, 1, 6),
(755, 'ETR8E1', 'INTERNET OF THINGS', 4, 1, 6),
(756, 'ETR8V8', 'COMPREHENSIVE VIVA-VIII', 0, 4, 6),
(757, 'EIR8P2', 'PROJECT PHASE-II', 0, 7, 5),
(758, 'EIR8C1', 'EMBEDDED SYSTEM', 4, 0, 5),
(759, 'EIR8C2', 'OPTICAL INSTRUMENTATION', 4, 1, 5),
(760, 'EIR8C3', 'INTERNET OF THINGS', 4, 1, 5),
(761, 'EIR8E1', 'NETWORK SECURITY', 4, 1, 5),
(762, 'EIR8V8', 'COMPREHENSIVE VIVA-VIII', 0, 4, 5),
(763, 'CER8E1', 'Soft Computing', 4, 1, 9),
(764, 'SEP4C6', 'Software Testing & Quality Assurance', 4, 1, 2),
(765, 'SEP4E4', 'Speech & Language Processing', 4, 1, 2),
(766, 'SEP4V4', 'Comprehensive Viva - IV', 0, 2, 2),
(767, 'SEP4W2', 'Seminar/ Workshop /Research Tool', 0, 2, 2),
(769, 'CER8I1', 'Industry Internship', 0, 20, 9),
(770, 'CER8G1', 'MOOC / SWAYAM Course - I', 3, 0, 9),
(771, 'CER8G2', 'MOOC / SWAYAM Course - I', 3, 0, 9),
(772, 'CER8VI', 'Comprehensive Viva - VIII', 0, 4, 9),
(773, 'VLR8I1', 'Industry Internship', 4, 0, 4),
(774, 'VLR8VI', 'Comprehensive Viva - VIII', 0, 4, 4),
(775, 'VLR8G1', 'MOOC/SWAYAM Course - I (Theory & Practice of Non-Destructive Testing)', 3, 0, 4),
(776, 'VLR8G2', 'MOOC/SWAYAM Course - II (Earth Sciences Part I & II)', 3, 0, 4),
(777, 'ITR8I1', 'Industry Internship', 0, 20, 8),
(778, 'ITR8G1', 'MOOC/SWAYAM Course - I (Advanced IOT Application)', 3, 0, 8),
(779, 'ITR8G2', 'MOOC/SWAYAM Course - II (Privacy & Security in Online Social Media)', 3, 0, 8),
(780, 'ITR8VI', 'Comprehensive Viva - VIII', 0, 4, 8),
(781, 'ETR8I1', 'Industry Internship', 0, 20, 6),
(782, 'ETR8G1', 'MOOC/SWAYAM Course - I', 3, 0, 6),
(783, 'ETR8G2', 'MOOC/SWAYAM Course - II', 3, 0, 6),
(784, 'ETR8VI', 'Comprehensive Viva - VIII', 0, 4, 6),
(785, 'EIR8I1', 'Industry Internship', 0, 20, 5),
(786, 'EIR8G1', 'MOOC/SWAYAM Course - I', 3, 0, 5),
(787, 'EIR8G2', 'MOOC/SWAYAM Course - II', 3, 0, 5),
(788, 'EIR8VI', 'Comprehensive Viva - VIII', 0, 4, 5),
(789, 'MER8I1', 'Industry Internship', 0, 20, 10),
(790, 'MER8G1', 'MOOC/SWAYAM Course - I', 3, 0, 10),
(791, 'MER8G2', 'MOOC/SWAYAM Course - II', 3, 0, 10),
(792, 'MER8VI', 'Comprehensive Viva - VIII', 0, 4, 10),
(793, 'MEP8C1', 'Power Plant Engineering', 3, 1, 10),
(794, 'MEP8C2', 'Vibration & Noise Control', 3, 1, 10),
(795, 'MEP8E1', 'Production & Operations Management', 3, 1, 10),
(796, 'MEP8P2', 'Project Phase - II', 0, 4, 10),
(797, 'DIP2C3', 'Modern Control System', 4, 1, 11),
(798, 'DIP2W1', 'Seminar/Workshop/Research Tool', 0, 2, 11),
(799, 'DIP2E4', 'Advance Digital Signal Processing', 4, 1, 11),
(800, 'DIP2V2', 'Comprehensive Viva - II', 0, 2, 11),
(801, 'DTP2C3', 'Advance Machine Design', 4, 1, 3),
(802, 'DTP2E1', 'Advance Mechanics of Solids', 4, 1, 3),
(803, 'DTP2W1', 'Seminar/ Workshop/Research Tool', 0, 2, 3),
(805, 'MER8E4', 'Power Plant Engg', 4, 1, 10);

-- --------------------------------------------------------

--
-- Table structure for table `subschema`
--

CREATE TABLE `subschema` (
  `course` varchar(5) DEFAULT NULL,
  `branch` varchar(50) DEFAULT NULL,
  `sem` varchar(10) DEFAULT NULL,
  `subject_code` varchar(10) NOT NULL,
  `subject_name` varchar(60) DEFAULT NULL,
  `theory` int(1) DEFAULT NULL,
  `practical` int(1) DEFAULT NULL
) ENGINE=InnoDB DEFAULT CHARSET=utf8;

--
-- Dumping data for table `subschema`
--

INSERT INTO `subschema` (`course`, `branch`, `sem`, `subject_code`, `subject_name`, `theory`, `practical`) VALUES
('BE', 'Information Technology', '1', 'ACR1C2', 'CHEMISTRY AND ENVIRONMENT SCIENCE', 4, 1),
('BE', 'Computer Engineering', '1', 'ACR1C2', 'CHEMISTRY AND ENVIRONMENT SCIENCE', 4, 1),
('BE', 'Electronics and Telecommunication Engineering', '2', 'ACR1C2', 'CHEMISTRY AND ENVIRONMENT SCIENCE', 4, 1),
('BE', 'Electronics and Telecommunication Engineering', '2', 'ACR1C2', 'CHEMISTRY AND ENVIRONMENT SCIENCE', 4, 1),
('BE', 'Information Technology', '1', 'ACR1C2', 'CHEMISTRY AND ENVIRONMENT SCIENCE', 4, 1),
('BE', 'Mechanical Engineering', '2', 'ACR1C2', 'CHEMISTRY AND ENVIRONMENT SCIENCE', 4, 1),
('BE', 'Civil Engineering', '1', 'ACR1C2', 'CHEMISTRY AND ENVIRONMENT SCIENCE', 4, 1),
('BE', 'ELECTRONICS AND INSTRUMENTATION ENGINEERING', '2', 'ACR1C2', 'CHEMISTRY AND ENVIRONMENT SCIENCE', 4, 1),
('BE', 'Computer Engineering', '1', 'ACR1C2', 'CHEMISTRY AND ENVIRONMENT SCIENCE', 4, 1),
('BE', 'Computer Engineering', '3', 'ACR3C1', 'Applied Mathematics-III ', 4, 0),
('BE', 'Computer Engineering', '3', 'ACR3C1', 'Applied Mathematics-III ', 4, 0),
('BE', 'Information Technology', '3', 'AIR3C1', 'Discrete Maths ', 4, 0),
('BE', 'Information Technology', '3', 'AIR3C1', 'Discrete Maths ', 4, 0),
('MSC', 'Applied Science', '1', 'AM1GE1', 'Computer Architecture & DCO', 4, 0),
('MSC', 'Applied Science', '1', 'AM1PC1', 'Algebra', 4, 0),
('MSC', 'Applied Science', '1', 'AM1PC2', 'Discrete Mathematics', 4, 0),
('MSC', 'Applied Science', '1', 'AM1PC3', 'Numerical Analysis & Integral Equations', 4, 0),
('MSC', 'Applied Science', '1', 'AM1SS1', 'Adavanced Communication Skills', 2, 0),
('MSC', 'Applied Science', '3', 'AM3GE1', 'OS / Microprocessor', 4, 0),
('MSC', 'Applied Science', '3', 'AM3PC1', 'Topology', 4, 0),
('MSC', 'Applied Science', '3', 'AM3PC2', 'Database Theory', 4, 0),
('MSC', 'Applied Science', '3', 'AM3PC3', 'Mathematical Statistics', 4, 0),
('MSC', 'Applied Science', '3', 'AM3SS2', 'Life Management Skills', 2, 0),
('BE', 'Information Technology', '1', 'AMR1C1', 'Applied Mathematics - I', 4, 0),
('BE', 'Computer Engineering', '1', 'AMR1C1', 'Applied Mathematics - I', 4, 0),
('BE', 'Electronics and Telecommunication Engineering', '2', 'AMR1C1', 'Applied Mathematics - I', 4, 0),
('BE', 'Electronics and Telecommunication Engineering', '2', 'AMR1C1', 'Applied Mathematics - I', 4, 0),
('BE', 'Information Technology', '1', 'AMR1C1', 'Applied Mathematics - I', 4, 0),
('BE', 'Mechanical Engineering', '2', 'AMR1C1', 'Applied Mathematics - I', 4, 0),
('BE', 'Civil Engineering', '1', 'AMR1C1', 'Applied Mathematics - I', 4, 0),
('BE', 'ELECTRONICS AND INSTRUMENTATION ENGINEERING', '2', 'AMR1C1', 'Applied Mathematics - I', 4, 0),
('BE', 'Computer Engineering', '1', 'AMR1C1', 'Applied Mathematics - I', 4, 0),
('BE', 'Information Technology', '2', 'AMR2C1', 'Applied Mathematics - II', 4, 0),
('BE', 'Computer Engineering', '2', 'AMR2C1', 'Applied Mathematics - II', 4, 0),
('BE', 'Electronics and Telecommunication Engineering', '1', 'AMR2C1', 'Applied Mathematics - II', 4, 0),
('BE', 'Electronics and Telecommunication Engineering', '1', 'AMR2C1', 'Applied Mathematics - II', 4, 0),
('BE', 'Information Technology', '2', 'AMR2C1', 'Applied Mathematics - II', 4, 0),
('BE', 'Mechanical Engineering', '1', 'AMR2C1', 'Applied Mathematics - II', 4, 0),
('BE', 'Civil Engineering', '2', 'AMR2C1', 'Applied Mathematics - II', 4, 0),
('BE', 'ELECTRONICS AND INSTRUMENTATION ENGINEERING', '1', 'AMR2C1', 'Applied Mathematics - II', 4, 0),
('BE', 'Computer Engineering', '2', 'AMR2C1', 'Applied Mathematics - II', 4, 0),
('BE', 'Mechanical Engineering', '3', 'AMR3C1', 'Applied Mathematics-III', 4, 0),
('BE', 'Information Technology', '2', 'APR2C2', 'APPLIED PHYSICS', 4, 1),
('BE', 'Computer Engineering', '2', 'APR2C2', 'APPLIED PHYSICS', 4, 1),
('BE', 'Electronics and Telecommunication Engineering', '1', 'APR2C2', 'APPLIED PHYSICS', 4, 1),
('BE', 'Electronics and Telecommunication Engineering', '1', 'APR2C2', 'APPLIED PHYSICS', 4, 1),
('BE', 'Information Technology', '2', 'APR2C2', 'APPLIED PHYSICS', 4, 1),
('BE', 'Mechanical Engineering', '1', 'APR2C2', 'APPLIED PHYSICS', 4, 1),
('BE', 'Civil Engineering', '2', 'APR2C2', 'APPLIED PHYSICS', 4, 1),
('BE', 'ELECTRONICS AND INSTRUMENTATION ENGINEERING', '1', 'APR2C2', 'APPLIED PHYSICS', 4, 1),
('BE', 'Computer Engineering', '2', 'APR2C2', 'APPLIED PHYSICS', 4, 1),
('ME', 'Information Technology', '1', 'ASR1S1', 'Soft Skills - I', 2, 0),
('ME', 'Computer Engineering', '1', 'ASR1S1', 'Soft Skills - I', 2, 0),
('ME', 'Mechanical Engineering', '1', 'ASR1S1', 'Soft Skills - I', 2, 0),
('ME', 'Mechanical Engineering', '1', 'ASR1S1', 'Soft Skills - I', 2, 0),
('ME', 'ELECTRONICS AND INSTRUMENTATION ENGINEERING', '1', 'ASR1S1', 'Soft Skills - I', 2, 0),
('ME', 'Electronics and Telecommunication Engineering', '1', 'ASR1S1', 'Soft Skills - I', 2, 0),
('ME', 'Information Technology', '2', 'ASR2S2', 'Soft Skills - II', 2, 0),
('ME', 'Computer Engineering', '2', 'ASR2S2', 'Soft Skills - II', 2, 0),
('ME', 'Mechanical Engineering', '2', 'ASR2S2', 'Soft Skills - II', 2, 0),
('ME', 'Mechanical Engineering', '2', 'ASR2S2', 'Soft Skills - II', 2, 0),
('ME', 'ELECTRONICS AND INSTRUMENTATION ENGINEERING', '2', 'ASR2S2', 'Soft Skills - II', 2, 0),
('ME', 'Electronics and Telecommunication Engineering', '2', 'ASR2S2', 'Soft Skills - II', 2, 0),
('BE', 'Electronics and Telecommunication Engineering', '3', 'ATR3C1', 'Applied Mathematics-III', 4, 0),
('BE', 'Electronics and Telecommunication Engineering', '3', 'ATR3C1', 'Applied Mathematics-III', 4, 0),
('BE', 'Civil Engineering', '3', 'AVR3C1', 'Applied Mathematics? - III', 4, 0),
('BE', 'Computer Engineering', '3', 'CER3C2', 'Object Oriented Programming ', 4, 1),
('BE', 'Computer Engineering', '3', 'CER3C2', 'Object Oriented Programming ', 4, 1),
('BE', 'Computer Engineering', '3', 'CER3C3', 'Data Structure using C ', 4, 1),
('BE', 'Computer Engineering', '3', 'CER3C3', 'Data Structure using C ', 4, 1),
('BE', 'Computer Engineering', '3', 'CER3C4', 'Digital Electronics ', 4, 1),
('BE', 'Computer Engineering', '3', 'CER3C4', 'Digital Electronics ', 4, 1),
('BE', 'Computer Engineering', '3', 'CER3G1', 'Computer Organisation & Arcitecture ', 4, 0),
('BE', 'Computer Engineering', '3', 'CER3G1', 'Computer Organisation & Arcitecture ', 4, 0),
('BE', 'Information Technology', '2', 'COR2C5', ' COMPUTER PROGRAMMING', 4, 1),
('BE', 'Computer Engineering', '2', 'COR2C5', ' COMPUTER PROGRAMMING', 4, 1),
('BE', 'Electronics and Telecommunication Engineering', '1', 'COR2C5', ' COMPUTER PROGRAMMING', 4, 1),
('BE', 'Electronics and Telecommunication Engineering', '1', 'COR2C5', ' COMPUTER PROGRAMMING', 4, 1),
('BE', 'Information Technology', '2', 'COR2C5', ' COMPUTER PROGRAMMING', 4, 1),
('BE', 'Mechanical Engineering', '1', 'COR2C5', ' COMPUTER PROGRAMMING', 4, 1),
('BE', 'Civil Engineering', '2', 'COR2C5', ' COMPUTER PROGRAMMING', 4, 1),
('BE', 'ELECTRONICS AND INSTRUMENTATION ENGINEERING', '1', 'COR2C5', ' COMPUTER PROGRAMMING', 4, 1),
('BE', 'Computer Engineering', '2', 'COR2C5', ' COMPUTER PROGRAMMING', 4, 1),
('ME', 'Electronics and Telecommunication Engineering', '1', 'DCR1C1', 'Modern Communication System', 4, 1),
('ME', 'Electronics and Telecommunication Engineering', '1', 'DCR1C2', 'Embedded System using ARM Microcontroller', 4, 1),
('ME', 'Electronics and Telecommunication Engineering', '1', 'DCR1C3', 'Advance Computer Networking', 4, 1),
('ME', 'Electronics and Telecommunication Engineering', '1', 'DCR1E2', 'Object Oriented Programming', 4, 1),
('ME', 'Electronics and Telecommunication Engineering', '1', 'DCR1G1', 'Advance System Design', 4, 0),
('ME', 'Electronics and Telecommunication Engineering', '2', 'DCR2C1', 'MODELLING AND SIMULATION', 4, 1),
('ME', 'Electronics and Telecommunication Engineering', '2', 'DCR2C2', 'MOBILE COMM. NETWORKS', 4, 1),
('ME', 'Electronics and Telecommunication Engineering', '2', 'DCR2C3', 'SYSTEM DESIGN USING VERILOG', 4, 1),
('ME', 'Electronics and Telecommunication Engineering', '2', 'DCR2E1', 'ELECTIVE-II', 4, 1),
('ME', 'ELECTRONICS AND INSTRUMENTATION ENGINEERING', '1', 'DIR1C1', 'Industrial Transducers & Smart Sensors', 4, 1),
('ME', 'ELECTRONICS AND INSTRUMENTATION ENGINEERING', '1', 'DIR1C2', 'Embedded Systems using ARM Microcontroller', 4, 1),
('ME', 'ELECTRONICS AND INSTRUMENTATION ENGINEERING', '1', 'DIR1C3', 'Modern Control Systems', 4, 1),
('ME', 'ELECTRONICS AND INSTRUMENTATION ENGINEERING', '1', 'DIR1E2', 'Object Oriented Programming', 4, 1),
('ME', 'ELECTRONICS AND INSTRUMENTATION ENGINEERING', '1', 'DIR1G1', 'Advance System Design', 4, 0),
('ME', 'ELECTRONICS AND INSTRUMENTATION ENGINEERING', '2', 'DIR2C1', 'DIGITAL IMAGE PROCESSING', 4, 1),
('ME', 'ELECTRONICS AND INSTRUMENTATION ENGINEERING', '2', 'DIR2C2', 'PROCESS INSTRU& iNDUSTRIAL C.', 4, 1),
('ME', 'ELECTRONICS AND INSTRUMENTATION ENGINEERING', '2', 'DIR2C3', 'SYSTEM DESIGN USING VERILOG', 4, 1),
('ME', 'ELECTRONICS AND INSTRUMENTATION ENGINEERING', '2', 'DIR2G3', 'GENERIC ELECTIVE -II MODELLING', 4, 0),
('ME', 'Mechanical Engineering', '3', 'DTP3C1', 'Machinary Fault Diagnosis & Signal Processesing', 4, 1),
('ME', 'Mechanical Engineering', '3', 'DTP3C2', 'Advanced Refrigeration & Air Conditioning', 4, 1),
('ME', 'Mechanical Engineering', '3', 'DTP3G1', 'Advanced Heat Tranfer', 4, 0),
('ME', 'Mechanical Engineering', '1', 'DTR1C1', 'Tribology', 4, 1),
('ME', 'Mechanical Engineering', '1', 'DTR1C2', 'Design of Internal Combustion Engine Systems', 4, 1),
('ME', 'Mechanical Engineering', '1', 'DTR1C3', 'Advance Machine Design', 4, 1),
('ME', 'Mechanical Engineering', '1', 'DTR1E1', 'Advanced Mechanics of Solids', 4, 0),
('ME', 'Mechanical Engineering', '1', 'DTR1G1', 'Advance Thermodynamics', 4, 0),
('ME', 'Mechanical Engineering', '2', 'DTR2C1', 'MACHINERY FAULT DIAGNOSIS & SIGNAL PROCESSING', 4, 1),
('ME', 'Mechanical Engineering', '2', 'DTR2C2', 'ADVANCED RAC', 4, 1),
('ME', 'Mechanical Engineering', '2', 'DTR2C3', 'COMPUTER AIDED MECHANISM DESIGN', 4, 1),
('ME', 'Mechanical Engineering', '2', 'DTR2E1', 'M/C VIBRATIONS ANALYSIS', 4, 0),
('ME', 'Mechanical Engineering', '2', 'DTR2G1', 'ADVANCED HEAT TRANSFER', 4, 0),
('BE', 'Information Technology', '2', 'EIR2C4', ' ELECTRICAL ENGINEERING', 4, 1),
('BE', 'Computer Engineering', '2', 'EIR2C4', ' ELECTRICAL ENGINEERING', 4, 1),
('BE', 'Electronics and Telecommunication Engineering', '1', 'EIR2C4', ' ELECTRICAL ENGINEERING', 4, 1),
('BE', 'Electronics and Telecommunication Engineering', '1', 'EIR2C4', ' ELECTRICAL ENGINEERING', 4, 1),
('BE', 'Information Technology', '2', 'EIR2C4', ' ELECTRICAL ENGINEERING', 4, 1),
('BE', 'Mechanical Engineering', '1', 'EIR2C4', ' ELECTRICAL ENGINEERING', 4, 1),
('BE', 'Civil Engineering', '2', 'EIR2C4', ' ELECTRICAL ENGINEERING', 4, 1),
('BE', 'ELECTRONICS AND INSTRUMENTATION ENGINEERING', '1', 'EIR2C4', ' ELECTRICAL ENGINEERING', 4, 1),
('BE', 'Computer Engineering', '2', 'EIR2C4', ' ELECTRICAL ENGINEERING', 4, 1),
('BE', 'ELECTRONICS AND INSTRUMENTATION ENGINEERING', '3', 'AER3C1', 'Applied Mathematics-III', 4, 0),
('BE', 'ELECTRONICS AND INSTRUMENTATION ENGINEERING', '3', 'EIR3C2', 'Digital Electronics', 4, 1),
('BE', 'ELECTRONICS AND INSTRUMENTATION ENGINEERING', '3', 'EIR3C3', 'Data Structure', 4, 1),
('BE', 'ELECTRONICS AND INSTRUMENTATION ENGINEERING', '3', 'EIR3C4', 'Network Analysis', 4, 1),
('BE', 'ELECTRONICS AND INSTRUMENTATION ENGINEERING', '3', 'EIR3G1', 'Electronic Devices & Fabrication', 4, 0),
('BE', 'Information Technology', '1', 'ETR1C4', 'BASIC ELECTRONICS', 4, 1),
('BE', 'Computer Engineering', '1', 'ETR1C4', 'BASIC ELECTRONICS', 4, 1),
('BE', 'Electronics and Telecommunication Engineering', '2', 'ETR1C4', 'BASIC ELECTRONICS', 4, 1),
('BE', 'Electronics and Telecommunication Engineering', '2', 'ETR1C4', 'BASIC ELECTRONICS', 4, 1),
('BE', 'Information Technology', '1', 'ETR1C4', 'BASIC ELECTRONICS', 4, 1),
('BE', 'Mechanical Engineering', '2', 'ETR1C4', 'BASIC ELECTRONICS', 4, 1),
('BE', 'Civil Engineering', '1', 'ETR1C4', 'BASIC ELECTRONICS', 4, 1),
('BE', 'ELECTRONICS AND INSTRUMENTATION ENGINEERING', '2', 'ETR1C4', 'BASIC ELECTRONICS', 4, 1),
('BE', 'Computer Engineering', '1', 'ETR1C4', 'BASIC ELECTRONICS', 4, 1),
('BE', 'Electronics and Telecommunication Engineering', '3', 'ETR3C2', 'Digital Electronics', 4, 1),
('BE', 'Electronics and Telecommunication Engineering', '3', 'ETR3C2', 'Digital Electronics', 4, 1),
('BE', 'Electronics and Telecommunication Engineering', '3', 'ETR3C3', 'Data Structure', 4, 1),
('BE', 'Electronics and Telecommunication Engineering', '3', 'ETR3C3', 'Data Structure', 4, 1),
('BE', 'Electronics and Telecommunication Engineering', '3', 'ETR3C4', 'Network Analysis', 4, 1),
('BE', 'Electronics and Telecommunication Engineering', '3', 'ETR3C4', 'Network Analysis', 4, 1),
('BE', 'Electronics and Telecommunication Engineering', '3', 'ETR3G1', 'Electronic Devices & Fabrication', 4, 0),
('BE', 'Electronics and Telecommunication Engineering', '3', 'ETR3G1', 'Electronic Devices & Fabrication', 4, 0),
('ME', 'Mechanical Engineering', '3', 'IMP3C1', 'FINANCIAL MANAGEMENT', 4, 1),
('ME', 'Mechanical Engineering', '3', 'IMP3C2', 'MATERIALS MANAGEMENT', 4, 1),
('ME', 'Mechanical Engineering', '3', 'IMP3G1', 'PROJECT MANAGEMENT', 4, 0),
('ME', 'Mechanical Engineering', '1', 'IMR1C1', 'Productivity & Technology Management', 4, 1),
('ME', 'Mechanical Engineering', '1', 'IMR1C2', 'Quantitative Techniques for Management', 4, 1),
('ME', 'Mechanical Engineering', '1', 'IMR1C3', 'Production & Operations Management', 4, 1),
('ME', 'Mechanical Engineering', '1', 'IMR1E1', 'Statistical Quality Control and Total Quality Management', 4, 1),
('ME', 'Mechanical Engineering', '1', 'IMR1G1', 'Principles & Practices of Management', 4, 0),
('ME', 'Mechanical Engineering', '2', 'IMR2C1', 'FINANCIAL MANAGEMENT', 4, 1),
('ME', 'Mechanical Engineering', '2', 'IMR2C2', 'MATERIALS MANAGEMENT', 4, 1),
('ME', 'Mechanical Engineering', '2', 'IMR2C3', 'SUPPLY CHAIN MANAGEMENT', 4, 1),
('ME', 'Mechanical Engineering', '2', 'IMR2E1', 'MARKETING MANAGEMENT', 4, 1),
('ME', 'Mechanical Engineering', '2', 'IMR2G1', 'PROJECT MANAGEMENT', 4, 0),
('ME', 'Information Technology', '1', 'ISR1C1', 'Advance Algorithms', 4, 1),
('ME', 'Information Technology', '1', 'ISR1C2', 'Secure Computing Techniques', 4, 1),
('ME', 'Information Technology', '1', 'ISR1C3', 'Advance Computer Networks', 4, 1),
('ME', 'Information Technology', '1', 'ISR1E1', 'Data Security', 4, 1),
('ME', 'Information Technology', '2', 'ISR2C1', 'INFORMATION SECURITY AND MANAGEMENT', 4, 1),
('ME', 'Information Technology', '2', 'ISR2C2', 'DIGITAL FORENCICS & SECURITY AUDIT', 4, 1),
('ME', 'Information Technology', '2', 'ISR2C3', 'SECURITY WIRELESS NETWORK', 4, 1),
('ME', 'Information Technology', '2', 'ISR2E1', 'BIOMETRIC SYSTEM AND SECURITY', 4, 1),
('BE', 'Information Technology', '3', 'ITR3C2', 'Object Oriented Programming  ', 4, 1),
('BE', 'Information Technology', '3', 'ITR3C2', 'Object Oriented Programming  ', 4, 1),
('BE', 'Information Technology', '3', 'ITR3C3', 'Data Structures  ', 4, 1),
('BE', 'Information Technology', '3', 'ITR3C3', 'Data Structures  ', 4, 1),
('BE', 'Information Technology', '3', 'ITR3C4', 'Digital Electronics  ', 4, 1),
('BE', 'Information Technology', '3', 'ITR3C4', 'Digital Electronics  ', 4, 1),
('BE', 'Information Technology', '3', 'ITR3G1', 'Computer Organisation & Arcitecture  ', 4, 0),
('BE', 'Information Technology', '3', 'ITR3G1', 'Computer Organisation & Arcitecture  ', 4, 0),
('BE', 'Information Technology', '1', 'MER1C3', 'ELEMENTS OF MECHANICAL ENGINEERING', 4, 1),
('BE', 'Computer Engineering', '1', 'MER1C3', 'ELEMENTS OF MECHANICAL ENGINEERING', 4, 1),
('BE', 'Electronics and Telecommunication Engineering', '2', 'MER1C3', 'ELEMENTS OF MECHANICAL ENGINEERING', 4, 1),
('BE', 'Electronics and Telecommunication Engineering', '2', 'MER1C3', 'ELEMENTS OF MECHANICAL ENGINEERING', 4, 1),
('BE', 'Information Technology', '1', 'MER1C3', 'ELEMENTS OF MECHANICAL ENGINEERING', 4, 1),
('BE', 'Mechanical Engineering', '2', 'MER1C3', 'ELEMENTS OF MECHANICAL ENGINEERING', 4, 1),
('BE', 'Civil Engineering', '1', 'MER1C3', 'ELEMENTS OF MECHANICAL ENGINEERING', 4, 1),
('BE', 'ELECTRONICS AND INSTRUMENTATION ENGINEERING', '2', 'MER1C3', 'ELEMENTS OF MECHANICAL ENGINEERING', 4, 1),
('BE', 'Computer Engineering', '1', 'MER1C3', 'ELEMENTS OF MECHANICAL ENGINEERING', 4, 1),
('BE', 'Information Technology', '2', 'MER2C3', 'ENGINEERING DRAWING', 3, 2),
('BE', 'Computer Engineering', '2', 'MER2C3', 'ENGINEERING DRAWING', 3, 2),
('BE', 'Electronics and Telecommunication Engineering', '1', 'MER2C3', 'ENGINEERING DRAWING', 3, 2),
('BE', 'Electronics and Telecommunication Engineering', '1', 'MER2C3', 'ENGINEERING DRAWING', 3, 2),
('BE', 'Information Technology', '2', 'MER2C3', 'ENGINEERING DRAWING', 3, 2),
('BE', 'Mechanical Engineering', '1', 'MER2C3', 'ENGINEERING DRAWING', 3, 2),
('BE', 'Civil Engineering', '2', 'MER2C3', 'ENGINEERING DRAWING', 3, 2),
('BE', 'ELECTRONICS AND INSTRUMENTATION ENGINEERING', '1', 'MER2C3', 'ENGINEERING DRAWING', 3, 2),
('BE', 'Computer Engineering', '2', 'MER2C3', 'ENGINEERING DRAWING', 3, 2),
('BE', 'Mechanical Engineering', '3', 'MER3C2', 'Strength of Materials', 4, 1),
('BE', 'Mechanical Engineering', '3', 'MER3C3', 'Material Science', 4, 1),
('BE', 'Mechanical Engineering', '3', 'MER3C4', 'Manufacturing Processes', 4, 1),
('BE', 'Mechanical Engineering', '3', 'MER3G1', 'Applied Thermodynamics', 4, 0),
('BE', 'Computer Engineering', '3', 'SCR3S3', 'Environmental Studies ', 2, 0),
('BE', 'Computer Engineering', '3', 'SCR3S3', 'Environmental Studies ', 2, 0),
('ME', 'Computer Engineering', '3', 'SEP3C1', 'Software Project Planning and Management', 4, 1),
('ME', 'Computer Engineering', '3', 'SEP3C2', 'Design Pattern', 4, 1),
('ME', 'Computer Engineering', '3', 'SEP3G1', 'Data Mining & Warehousing', 4, 0),
('ME', 'Computer Engineering', '1', 'SER1C1', 'Advance Algorithms', 4, 1),
('ME', 'Computer Engineering', '1', 'SER1C2', 'Objet Oriented Analysis & Design', 4, 1),
('ME', 'Computer Engineering', '1', 'SER1C3', 'Software Construction', 4, 1),
('ME', 'Computer Engineering', '1', 'SER1E1', 'Database Engineering', 4, 1),
('ME', 'Information Technology', '1', 'SER1G1', 'Soft Computing', 4, 0),
('ME', 'Computer Engineering', '1', 'SER1G1', 'Soft Computing', 4, 0),
('ME', 'Computer Engineering', '2', 'SER2C1', 'SOFTWARE PROJECT PLANNING & MGMT', 4, 1),
('ME', 'Computer Engineering', '2', 'SER2C2', 'DESIGN PATTERNS', 4, 1),
('ME', 'Computer Engineering', '2', 'SER2C3', 'SOFTWARE TESTING & QA', 4, 1),
('ME', 'Computer Engineering', '2', 'SER2G1', 'DATA MINING AND WAREHOUSING', 4, 0),
('BE', 'Information Technology', '3', 'SIR3S3', 'Life Skills Management', 2, 0),
('BE', 'Information Technology', '3', 'SIR3S3', 'Life Skills Management', 2, 0),
('BE', 'Information Technology', '1', 'SSR1S1', 'TECHNICAL ENGLISH', 4, 0),
('BE', 'Computer Engineering', '1', 'SSR1S1', 'TECHNICAL ENGLISH', 4, 0),
('BE', 'Electronics and Telecommunication Engineering', '2', 'SSR1S1', 'TECHNICAL ENGLISH', 4, 0),
('BE', 'Electronics and Telecommunication Engineering', '2', 'SSR1S1', 'TECHNICAL ENGLISH', 4, 0),
('BE', 'Information Technology', '1', 'SSR1S1', 'TECHNICAL ENGLISH', 4, 0),
('BE', 'Mechanical Engineering', '2', 'SSR1S1', 'TECHNICAL ENGLISH', 4, 0),
('BE', 'Civil Engineering', '1', 'SSR1S1', 'TECHNICAL ENGLISH', 4, 0),
('BE', 'ELECTRONICS AND INSTRUMENTATION ENGINEERING', '2', 'SSR1S1', 'TECHNICAL ENGLISH', 4, 0),
('BE', 'Computer Engineering', '1', 'SSR1S1', 'TECHNICAL ENGLISH', 4, 0),
('BE', 'Information Technology', '2', 'SSR2S2', 'HUMANITIES', 2, 0),
('BE', 'Computer Engineering', '2', 'SSR2S2', 'HUMANITIES', 2, 0),
('BE', 'Electronics and Telecommunication Engineering', '1', 'SSR2S2', 'HUMANITIES', 2, 0),
('BE', 'Electronics and Telecommunication Engineering', '1', 'SSR2S2', 'HUMANITIES', 2, 0),
('BE', 'Information Technology', '2', 'SSR2S2', 'HUMANITIES', 2, 0),
('BE', 'Mechanical Engineering', '1', 'SSR2S2', 'HUMANITIES', 2, 0),
('BE', 'Civil Engineering', '2', 'SSR2S2', 'HUMANITIES', 2, 0),
('BE', 'ELECTRONICS AND INSTRUMENTATION ENGINEERING', '1', 'SSR2S2', 'HUMANITIES', 2, 0),
('BE', 'Computer Engineering', '2', 'SSR2S2', 'HUMANITIES', 2, 0),
('BE', 'Electronics and Telecommunication Engineering', '3', 'STR3S3', 'Effective Communication Skills', 2, 0),
('BE', 'Electronics and Telecommunication Engineering', '3', 'STR3S3', 'Effective Communication Skills', 2, 0),
('BE', 'Civil Engineering', '3', 'SVR3S3', 'Life Management Skills', 2, 0),
('BE', 'Civil Engineering', '3', 'VLR3C2', 'Applied Mechanics & Strength of Material', 4, 1),
('BE', 'Civil Engineering', '3', 'VLR3C3', 'Surveying', 4, 1),
('BE', 'Civil Engineering', '3', 'VLR3C4', 'Construction Material & Technology', 4, 1),
('BE', 'Civil Engineering', '3', 'VLR3G1', 'Structural Mechanics', 4, 0),
('BE', 'Computer Engineering', '4', 'CER4C1', 'Discrete Structures', 4, 0),
('BE', 'Computer Engineering', '4', 'CER4C1', 'Discrete Structures', 4, 0),
('BE', 'Computer Engineering', '4', 'CER4C2', 'Operating System', 4, 1),
('BE', 'Computer Engineering', '4', 'CER4C2', 'Operating System', 4, 1),
('BE', 'Computer Engineering', '4', 'CER4C3', 'Abstraction & Paradigms of Prog.', 4, 1),
('BE', 'Computer Engineering', '4', 'CER4C3', 'Abstraction & Paradigms of Prog.', 4, 1),
('BE', 'Computer Engineering', '4', 'CER4C4', 'Database Management System', 4, 1),
('BE', 'Computer Engineering', '4', 'CER4C4', 'Database Management System', 4, 1),
('BE', 'Computer Engineering', '4', 'CER4G2', 'Digital Signal Processing', 4, 0),
('BE', 'Computer Engineering', '4', 'CER4G2', 'Digital Signal Processing', 4, 0),
('BE', 'Information Technology', '4', 'AIR4C1', 'Numerical & Optimization Techniques', 4, 0),
('BE', 'Information Technology', '4', 'AIR4C1', 'Numerical & Optimization Techniques', 4, 0),
('BE', 'Information Technology', '4', 'ITR4C2', 'Operating Systems', 4, 1),
('BE', 'Information Technology', '4', 'ITR4C2', 'Operating Systems', 4, 1),
('BE', 'Information Technology', '4', 'ITR4C3', 'Software Engineering', 4, 1),
('BE', 'Information Technology', '4', 'ITR4C3', 'Software Engineering', 4, 1),
('BE', 'Information Technology', '4', 'ITR4C4', 'Database Management System', 4, 1),
('BE', 'Information Technology', '4', 'ITR4C4', 'Database Management System', 4, 1),
('BE', 'Information Technology', '4', 'ITR4G2', 'Digital Communication Engineering', 4, 0),
('BE', 'Information Technology', '4', 'ITR4G2', 'Digital Communication Engineering', 4, 0),
('BE', 'Civil Engineering', '4', 'VLR4C2', 'Fluid Mechanics - I', 4, 1),
('BE', 'Civil Engineering', '4', 'VLR4C3', 'Advanced Surveying', 4, 1),
('BE', 'Civil Engineering', '4', 'VLR4C4', 'Design of RCC Strctures - I', 4, 1),
('BE', 'Civil Engineering', '4', 'VLR4G2', 'Environmental Engineering - I', 4, 0),
('BE', 'Mechanical Engineering', '4', 'MER4C1', 'Industrial Engineering & Management', 4, 0),
('BE', 'Mechanical Engineering', '4', 'MER4C2', 'Theory of Machines', 4, 1),
('BE', 'Mechanical Engineering', '4', 'MER4C3', 'Machine Design & Drawing', 4, 1),
('BE', 'Mechanical Engineering', '4', 'MER4C4', 'Fluid Mechanics', 4, 1),
('BE', 'Mechanical Engineering', '4', 'MER4G2', 'Mechatronics', 4, 0),
('BE', 'ELECTRONICS AND INSTRUMENTATION ENGINEERING', '4', 'EIR4C1', 'Digital Computer Organization & Architecture', 4, 0),
('BE', 'ELECTRONICS AND INSTRUMENTATION ENGINEERING', '4', 'EIR4C2', 'Electrical & Electronic Measurement', 4, 1),
('BE', 'ELECTRONICS AND INSTRUMENTATION ENGINEERING', '4', 'EIR4C3', 'Analog Electronics', 4, 1),
('BE', 'ELECTRONICS AND INSTRUMENTATION ENGINEERING', '4', 'EIR4C4', 'Sensor & Transducers', 4, 1),
('BE', 'ELECTRONICS AND INSTRUMENTATION ENGINEERING', '4', 'EIR4G2', 'Signals & Systems', 4, 0),
('BE', 'Electronics and Telecommunication Engineering', '4', 'ETR4C1', 'Computer Organization & Architecture', 4, 0),
('BE', 'Electronics and Telecommunication Engineering', '4', 'ETR4C1', 'Computer Organization & Architecture', 4, 0),
('BE', 'Electronics and Telecommunication Engineering', '4', 'ETR4C2', 'Electrical & Electronic Measurement', 4, 1),
('BE', 'Electronics and Telecommunication Engineering', '4', 'ETR4C2', 'Electrical & Electronic Measurement', 4, 1),
('BE', 'Electronics and Telecommunication Engineering', '4', 'ETR4C3', 'Analog Electronics', 4, 1),
('BE', 'Electronics and Telecommunication Engineering', '4', 'ETR4C3', 'Analog Electronics', 4, 1),
('BE', 'Electronics and Telecommunication Engineering', '4', 'ETR4C4', 'Analog Communications', 4, 1),
('BE', 'Electronics and Telecommunication Engineering', '4', 'ETR4C4', 'Analog Communications', 4, 1),
('BE', 'Electronics and Telecommunication Engineering', '4', 'ETR4G2', 'Signals & Systems', 4, 0),
('BE', 'Electronics and Telecommunication Engineering', '4', 'ETR4G2', 'Signals & Systems', 4, 0),
('BE', 'Information Technology', '4', 'SIR4S4', 'Communication Skills', 2, 0),
('BE', 'Information Technology', '4', 'SIR4S4', 'Communication Skills', 2, 0),
('BE', 'Mechanical Engineering', '4', 'SMR4S4', 'Engineering Economics', 2, 0),
('BE', 'Computer Engineering', '4', 'SCR4S4', 'ENGINEERING ECONOMICS', 2, 0),
('BE', 'Computer Engineering', '4', 'SCR4S4', 'ENGINEERING ECONOMICS', 2, 0),
('BE', 'Civil Engineering', '4', 'SVR4S4', 'Communications Skills', 2, 0),
('MSC', 'Applied Science', '2', 'AM2PC1', 'Real Analysis/Measure Theory', 4, 0),
('MSC', 'Applied Science', '2', 'AM2PC2', 'Advance Differential Equations', 4, 0),
('MSC', 'Applied Science', '2', 'AM2PC3', 'Theory of Computation', 4, 0),
('BE', 'Electronics and Telecommunication Engineering', '4', 'STR4S4', 'ENGINEERING ECONOMICS', 2, 0),
('BE', 'Electronics and Telecommunication Engineering', '4', 'STR4S4', 'ENGINEERING ECONOMICS', 2, 0),
('BE', 'ELECTRONICS AND INSTRUMENTATION ENGINEERING', '4', 'SER4S4', 'Engineering Economics', 2, 0),
('MSC', 'Applied Science', '2', 'AM2EM1', 'Operations Research-I', 3, 0),
('MSC', 'Applied Science', '4', 'AM4EM1', 'Operations Research-II', 3, 0),
('MSC', 'Applied Science', '4', 'AM4PC1', 'Complex Analysis', 4, 0),
('MSC', 'Applied Science', '4', 'AM4PC2', 'Analysis of Algorithm', 4, 0),
('MSC', 'Applied Science', '4', 'AM4PC3', 'Functional Analysis', 4, 0),
('ME', 'Computer Engineering', '2', 'SER2E1', 'Speech & Language Processing', 4, 1),
('ME', 'ELECTRONICS AND INSTRUMENTATION ENGINEERING', '2', 'DIR2E1', 'Analog and digital CMOS Circuit Design', 4, 1),
('ME', 'Electronics and Telecommunication Engineering', '2', 'DCR2G1', 'Broadband Access Technology', 4, 0),
('BE', 'Electronics and Telecommunication Engineering', '1', 'ETR5C1', 'OBJECT ORIENTED PROGRAMMING', 4, 0),
('BE', 'Electronics and Telecommunication Engineering', '5', 'ETR5C1', 'OBJECT ORIENTED PROGRAMMING', 4, 0),
('BE', 'Electronics and Telecommunication Engineering', '5', 'ETR5C1', 'OBJECT ORIENTED PROGRAMMING', 4, 0),
('BE', 'Electronics and Telecommunication Engineering', '1', 'ETR5C2', 'DIGITAL COMMUNICATION', 4, 1),
('BE', 'Electronics and Telecommunication Engineering', '5', 'ETR5C2', 'DIGITAL COMMUNICATION', 4, 1),
('BE', 'Electronics and Telecommunication Engineering', '5', 'ETR5C2', 'DIGITAL COMMUNICATION', 4, 1),
('BE', 'Electronics and Telecommunication Engineering', '1', 'ETR5C3', 'EMF AND TRANSMISSION LINE', 4, 1),
('BE', 'Electronics and Telecommunication Engineering', '5', 'ETR5C3', 'EMF AND TRANSMISSION LINE', 4, 1),
('BE', 'Electronics and Telecommunication Engineering', '5', 'ETR5C3', 'EMF AND TRANSMISSION LINE', 4, 1),
('BE', 'Electronics and Telecommunication Engineering', '1', 'ETR5E1', 'MICROCONTROLLERS', 4, 1),
('BE', 'Electronics and Telecommunication Engineering', '5', 'ETR5E1', 'MICROCONTROLLERS', 4, 1),
('BE', 'Electronics and Telecommunication Engineering', '5', 'ETR5E1', 'MICROCONTROLLERS', 4, 1),
('BE', 'Electronics and Telecommunication Engineering', '1', 'STR5S5', 'PRINCIPLES OF MANAGEMENT', 2, 0),
('BE', 'Electronics and Telecommunication Engineering', '5', 'STR5S5', 'PRINCIPLES OF MANAGEMENT', 2, 0),
('BE', 'Electronics and Telecommunication Engineering', '5', 'STR5S5', 'PRINCIPLES OF MANAGEMENT', 2, 0),
('BE', 'Electronics and Telecommunication Engineering', '1', 'ETR5G3', 'DIGITAL SIGNAL PROCESSING', 4, 0),
('BE', 'Electronics and Telecommunication Engineering', '5', 'ETR5G3', 'DIGITAL SIGNAL PROCESSING', 4, 0),
('BE', 'Electronics and Telecommunication Engineering', '5', 'ETR5G3', 'DIGITAL SIGNAL PROCESSING', 4, 0),
('BE', 'Computer Engineering', '5', 'CER5C1', 'Theory of Computation', 4, 0),
('BE', 'Computer Engineering', '5', 'CER5C1', 'Theory of Computation', 4, 0),
('BE', 'Computer Engineering', '5', 'CER5C2', 'Software Engineering', 4, 1),
('BE', 'Computer Engineering', '5', 'CER5C2', 'Software Engineering', 4, 1),
('BE', 'Computer Engineering', '5', 'CER5C3', 'Computer Network', 4, 1),
('BE', 'Computer Engineering', '5', 'CER5C3', 'Computer Network', 4, 1),
('BE', 'Computer Engineering', '5', 'CER5E1', 'Server Side Programming', 4, 1),
('BE', 'Computer Engineering', '5', 'CER5E1', 'Server Side Programming', 4, 1),
('BE', 'Computer Engineering', '5', 'CER5G3', 'Object Oriented Analysis & Design', 4, 0),
('BE', 'Computer Engineering', '5', 'CER5G3', 'Object Oriented Analysis & Design', 4, 0),
('BE', 'Computer Engineering', '5', 'SCR5S5', 'Engineering Leadership', 2, 0),
('BE', 'Computer Engineering', '5', 'SCR5S5', 'Engineering Leadership', 2, 0),
('BE', 'Mechanical Engineering', '3', 'SMR3S3', 'EFFECTIVE COMM. SKILL', 2, 0),
('BE', 'ELECTRONICS AND INSTRUMENTATION ENGINEERING', '5', 'EIR5C1', 'OBJECT ORIENTED PROGRAMMING', 4, 0),
('BE', 'ELECTRONICS AND INSTRUMENTATION ENGINEERING', '5', 'EIR5C2', 'ANALOG & DIGITAL COMM.', 4, 1),
('BE', 'ELECTRONICS AND INSTRUMENTATION ENGINEERING', '5', 'EIR5C3', 'POWER ELECTRONICS', 4, 1),
('BE', 'ELECTRONICS AND INSTRUMENTATION ENGINEERING', '5', 'EIR5E1', 'MICROCONTROLLERS', 4, 1),
('BE', 'ELECTRONICS AND INSTRUMENTATION ENGINEERING', '5', 'SER5S5', 'OTHER COURSES - 5 (SKILL)', 2, 0),
('BE', 'ELECTRONICS AND INSTRUMENTATION ENGINEERING', '5', 'EIR5G3', 'DIGITAL SIGNAL PROCESSING', 4, 0),
('BE', 'ELECTRONICS AND INSTRUMENTATION ENGINEERING', '5', 'EIR5L3', 'SOFTWARE WORKSHOP - II', 0, 1),
('BE', 'Civil Engineering', '5', 'VLR5C1', 'Design of RCC Structures ï¿½?? II ', 4, 0),
('BE', 'Civil Engineering', '5', 'VLR5C2', 'Fluid Mechanics - II', 4, 1),
('BE', 'Civil Engineering', '5', 'VLR5C3', 'Quantity Surveying & Costing', 4, 1),
('BE', 'Civil Engineering', '5', 'VLR5E1', 'Geotechnical Engineering - I', 4, 1),
('BE', 'Civil Engineering', '5', 'VLR5G3', 'Water Resources Engineering', 4, 0),
('BE', 'Civil Engineering', '5', 'SVR5S5', 'Professional Skills - I', 2, 0),
('BE', 'Information Technology', '5', 'ITR5C1', 'Theory of Computation', 4, 0),
('BE', 'Information Technology', '5', 'ITR5C1', 'Theory of Computation', 4, 0),
('BE', 'Information Technology', '5', 'ITR5C2', 'Object Oriented Analysis & Design', 4, 1),
('BE', 'Information Technology', '5', 'ITR5C2', 'Object Oriented Analysis & Design', 4, 1),
('BE', 'Information Technology', '5', 'ITR5C3', 'Computer Network', 4, 1),
('BE', 'Information Technology', '5', 'ITR5C3', 'Computer Network', 4, 1),
('BE', 'Information Technology', '5', 'ITR5G3', 'Applied Statistics', 4, 0),
('BE', 'Information Technology', '5', 'ITR5G3', 'Applied Statistics', 4, 0),
('BE', 'Information Technology', '5', 'ITR5E1', 'Web Technologies', 4, 1),
('BE', 'Information Technology', '5', 'ITR5E1', 'Web Technologies', 4, 1),
('BE', 'Information Technology', '5', 'SIR5S5', 'Principal of Management', 2, 0),
('BE', 'Information Technology', '5', 'SIR5S5', 'Principal of Management', 2, 0),
('BE', 'Mechanical Engineering', '5', 'MER5C1', 'Dynamics of Machine', 4, 1),
('BE', 'Mechanical Engineering', '5', 'MER5C2', 'Machine Design - I', 4, 0),
('BE', 'Mechanical Engineering', '5', 'MER5C3', 'Heat & Mass Transfer', 4, 1),
('BE', 'Mechanical Engineering', '5', 'MER5C4', 'IC Engines & Gas Turbines', 4, 1),
('BE', 'Mechanical Engineering', '5', 'MER5G1', 'Production Engineering ', 4, 0),
('BE', 'Mechanical Engineering', '5', 'SMR5S5', 'Principles of Management', 2, 0),
('ME', 'Computer Engineering', '1', 'SER1W1', 'Seminar/ Workshop/Research Tool', 0, 2),
('BE', 'Computer Engineering', '6', 'CER6C1', 'Computer Graphics & Visualization', 4, 0),
('BE', 'Computer Engineering', '6', 'CER6C1', 'Computer Graphics & Visualization', 4, 0),
('BE', 'Computer Engineering', '6', 'CER6C2', 'Design and Analysis of Algorithm', 4, 1),
('BE', 'Computer Engineering', '6', 'CER6C2', 'Design and Analysis of Algorithm', 4, 1),
('BE', 'Computer Engineering', '6', 'CER6C3', 'Compiler Techniques', 4, 1),
('BE', 'Computer Engineering', '6', 'CER6C3', 'Compiler Techniques', 4, 1),
('BE', 'Computer Engineering', '6', 'CER6E1', 'Data Warehousing & Mining', 4, 1),
('BE', 'Computer Engineering', '6', 'CER6E1', 'Data Warehousing & Mining', 4, 1),
('BE', 'Computer Engineering', '6', 'CER6G4', 'Wireless Networks', 4, 0),
('BE', 'Computer Engineering', '6', 'CER6G4', 'Wireless Networks', 4, 0),
('BE', 'Computer Engineering', '6', 'SCR6S6', 'Professional Development', 2, 0),
('BE', 'Computer Engineering', '6', 'SCR6S6', 'Professional Development', 2, 0),
('MSC', 'Applied Science', '2', 'AM2EC1', 'Object Oriented Prog. with Core Java', 3, 0),
('MSC', 'Applied Science', '2', 'AM2PR2', 'Computer Lab - II', 0, 2),
('MSC', 'Applied Science', '2', 'AM2CV2', 'Comprehensive Viva - II', 0, 4),
('ME', 'Mechanical Engineering', '2', 'IMR2W2', 'Seminar/Res. Tool/Workshop - II', 0, 2),
('ME', 'Mechanical Engineering', '2', 'IMR2V2', 'Comprehensive Viva - II', 0, 4),
('ME', 'Information Technology', '2', 'ISR2W2', 'Seminar / Workshop - II', 0, 2),
('ME', 'Information Technology', '2', 'ISR2V2', 'Comprehensive Viva - II', 0, 4),
('ME', 'Computer Engineering', '2', 'SER2W2', 'Seminar / Workshop - II', 0, 2),
('ME', 'Computer Engineering', '2', 'SER2V2', 'Comprehensive Viva - II', 0, 4),
('ME', 'ELECTRONICS AND INSTRUMENTATION ENGINEERING', '2', 'DIR2W2', 'Seminar/Workshop/Research Tools - II', 0, 2),
('ME', 'ELECTRONICS AND INSTRUMENTATION ENGINEERING', '2', 'DIR2V2', 'Comprehensive Viva - II', 0, 4),
('ME', 'Electronics and Telecommunication Engineering', '2', 'DCR2W2', 'Seminar/Workshop/Research Tools - II', 0, 2),
('ME', 'Electronics and Telecommunication Engineering', '2', 'DCR2V2', 'Comprehensive Viva - II', 0, 4),
('ME', 'Mechanical Engineering', '2', 'DTR2W2', 'Seminar/Workshop/Research Tools - II', 0, 2),
('ME', 'Mechanical Engineering', '2', 'DTR2V2', 'Comprehensive Viva - II', 0, 4),
('BE', 'Information Technology', '2', 'BER2V2', 'Comprehensive Viva - II', 0, 4),
('BE', 'Computer Engineering', '2', 'BER2V2', 'Comprehensive Viva - II', 0, 4),
('BE', 'Electronics and Telecommunication Engineering', '1', 'BER2V2', 'Comprehensive Viva - II', 0, 4),
('BE', 'Electronics and Telecommunication Engineering', '1', 'BER2V2', 'Comprehensive Viva - II', 0, 4),
('BE', 'Information Technology', '2', 'BER2V2', 'Comprehensive Viva - II', 0, 4),
('BE', 'Mechanical Engineering', '1', 'BER2V2', 'Comprehensive Viva - II', 0, 4),
('BE', 'Civil Engineering', '2', 'BER2V2', 'Comprehensive Viva - II', 0, 4),
('BE', 'ELECTRONICS AND INSTRUMENTATION ENGINEERING', '1', 'BER2V2', 'Comprehensive Viva - II', 0, 4),
('BE', 'Computer Engineering', '2', 'BER2V2', 'Comprehensive Viva - II', 0, 4),
('BE', 'Information Technology', '1', 'BER1V1', 'Comprehensive Viva - I', 0, 4),
('BE', 'Computer Engineering', '1', 'BER1V1', 'Comprehensive Viva - I', 0, 4),
('BE', 'Electronics and Telecommunication Engineering', '2', 'BER1V1', 'Comprehensive Viva - I', 0, 4),
('BE', 'Electronics and Telecommunication Engineering', '2', 'BER1V1', 'Comprehensive Viva - I', 0, 4),
('BE', 'Information Technology', '1', 'BER1V1', 'Comprehensive Viva - I', 0, 4),
('BE', 'Mechanical Engineering', '2', 'BER1V1', 'Comprehensive Viva - I', 0, 4),
('BE', 'Civil Engineering', '1', 'BER1V1', 'Comprehensive Viva - I', 0, 4),
('BE', 'ELECTRONICS AND INSTRUMENTATION ENGINEERING', '2', 'BER1V1', 'Comprehensive Viva - I', 0, 4),
('BE', 'Computer Engineering', '1', 'BER1V1', 'Comprehensive Viva - I', 0, 4),
('BE', 'Computer Engineering', '4', 'CER4V4', 'Comprehensive Viva - IV', 0, 4),
('BE', 'Computer Engineering', '4', 'CER4V4', 'Comprehensive Viva - IV', 0, 4),
('BE', 'Information Technology', '4', 'ITR4V4', 'Comprehensive Viva - IV', 0, 4),
('BE', 'Information Technology', '4', 'ITR4V4', 'Comprehensive Viva - IV', 0, 4),
('BE', 'Information Technology', '4', 'ITR4L2', 'Smart Systems Lab', 0, 1),
('BE', 'Information Technology', '4', 'ITR4L2', 'Smart Systems Lab', 0, 1),
('BE', 'Electronics and Telecommunication Engineering', '4', 'ETR4V4', 'Comprehensive Viva - IV', 0, 4),
('BE', 'Electronics and Telecommunication Engineering', '4', 'ETR4V4', 'Comprehensive Viva - IV', 0, 4),
('BE', 'Electronics and Telecommunication Engineering', '4', 'ETR4L2', 'Electronic Workshop - II', 0, 1),
('BE', 'Electronics and Telecommunication Engineering', '4', 'ETR4L2', 'Electronic Workshop - II', 0, 1),
('BE', 'ELECTRONICS AND INSTRUMENTATION ENGINEERING', '4', 'EIR4L2', 'Electronic Workshop - II', 0, 1),
('BE', 'ELECTRONICS AND INSTRUMENTATION ENGINEERING', '4', 'EIR4V4', 'Comprehensive Viva - IV', 0, 4),
('BE', 'Mechanical Engineering', '4', 'MER4V4', 'Comprehensive Viva - IV', 0, 4),
('BE', 'Mechanical Engineering', '4', 'MER4L2', 'Workshop/App. Thermodynamics - II', 0, 1),
('BE', 'Civil Engineering', '4', 'VLR4V4', 'Comprehensive Viva - IV', 0, 4),
('BE', 'Civil Engineering', '4', 'VLR4L2', 'Engineering Geology Lab', 0, 1),
('BE', 'Computer Engineering', '6', 'CER6V6', 'Comprehensive Viva - VI', 0, 4),
('BE', 'Computer Engineering', '6', 'CER6V6', 'Comprehensive Viva - VI', 0, 4),
('BE', 'Computer Engineering', '6', 'CER6L4', 'Computer Graphics Lab', 0, 1),
('BE', 'Computer Engineering', '6', 'CER6L4', 'Computer Graphics Lab', 0, 1),
('BE', 'Information Technology', '6', 'ITR6L4', 'Mobile Technology Lab', 0, 1),
('BE', 'Information Technology', '6', 'ITR6L4', 'Mobile Technology Lab', 0, 1),
('BE', 'Information Technology', '6', 'ITR6V6', 'Comprehensive Viva - VI', 0, 4),
('BE', 'Information Technology', '6', 'ITR6V6', 'Comprehensive Viva - VI', 0, 4),
('BE', 'Electronics and Telecommunication Engineering', '6', 'ETR6V6', 'Comprehensive Viva - VI', 0, 4),
('BE', 'Electronics and Telecommunication Engineering', '6', 'ETR6V6', 'Comprehensive Viva - VI', 0, 4),
('BE', 'Electronics and Telecommunication Engineering', '6', 'ETR6L4', 'Design Workshop', 0, 1),
('BE', 'Electronics and Telecommunication Engineering', '6', 'ETR6L4', 'Design Workshop', 0, 1),
('BE', 'ELECTRONICS AND INSTRUMENTATION ENGINEERING', '6', 'EIR6L4', 'Design Workshop', 0, 1),
('BE', 'ELECTRONICS AND INSTRUMENTATION ENGINEERING', '6', 'EIR6V6', 'Comprehensive Viva - VI', 0, 4),
('BE', 'Mechanical Engineering', '6', 'MER6V6', 'Comprehensive Viva - VI', 0, 4),
('BE', 'Mechanical Engineering', '6', 'MER6L4', 'Workshop/Machine Design-II Lab', 0, 1),
('BE', 'Civil Engineering', '6', 'VLR6L4', 'Technical Skills', 0, 1),
('BE', 'Civil Engineering', '6', 'VLR6V6', 'Comprehensive Viva - VI', 0, 4),
('BE', 'Civil Engineering', '4', 'AVR4C1', 'Engineering Geology', 4, 0),
('BE', 'Civil Engineering', '6', 'VLR6C1', 'Structural Analysis - I', 4, 0),
('BE', 'Civil Engineering', '6', 'VLR6C2', 'Transportation Engineering - I', 4, 1),
('BE', 'Civil Engineering', '6', 'VLR6C3', 'Design of Steel Structures - I', 4, 1),
('BE', 'Civil Engineering', '6', 'VLR6E1', 'Geotechnical Engineering - II', 4, 1),
('BE', 'Civil Engineering', '6', 'VLR6G4', 'Construction Planning & Management', 4, 0),
('BE', 'Civil Engineering', '6', 'SVR6S6', 'Entrepreneurship Development & IPR', 2, 0),
('BE', 'Information Technology', '1', 'MER1C5', 'Workshop Practice', 0, 2),
('BE', 'Computer Engineering', '1', 'MER1C5', 'Workshop Practice', 0, 2),
('BE', 'Electronics and Telecommunication Engineering', '2', 'MER1C5', 'Workshop Practice', 0, 2),
('BE', 'Electronics and Telecommunication Engineering', '2', 'MER1C5', 'Workshop Practice', 0, 2),
('BE', 'Information Technology', '1', 'MER1C5', 'Workshop Practice', 0, 2),
('BE', 'Mechanical Engineering', '2', 'MER1C5', 'Workshop Practice', 0, 2),
('BE', 'Civil Engineering', '1', 'MER1C5', 'Workshop Practice', 0, 2),
('BE', 'ELECTRONICS AND INSTRUMENTATION ENGINEERING', '2', 'MER1C5', 'Workshop Practice', 0, 2),
('BE', 'Computer Engineering', '1', 'MER1C5', 'Workshop Practice', 0, 2),
('BE', 'ELECTRONICS AND INSTRUMENTATION ENGINEERING', '6', 'EIR6C1', 'VLSI Design', 4, 0),
('BE', 'ELECTRONICS AND INSTRUMENTATION ENGINEERING', '6', 'EIR6C2', 'Medical & Analytical Instrumentation', 4, 1),
('BE', 'ELECTRONICS AND INSTRUMENTATION ENGINEERING', '6', 'EIR6C3', 'Control System', 4, 1),
('BE', 'ELECTRONICS AND INSTRUMENTATION ENGINEERING', '6', 'EIR6E1', 'Linear Integrated Circuit', 4, 1),
('BE', 'ELECTRONICS AND INSTRUMENTATION ENGINEERING', '6', 'SER6S6', 'Enterpreneurship and IPR Development', 2, 0),
('BE', 'ELECTRONICS AND INSTRUMENTATION ENGINEERING', '6', 'EIR6G4', 'Computer Network', 4, 0),
('BE', 'Electronics and Telecommunication Engineering', '6', 'ETR6C1', 'VLSI Design', 4, 0),
('BE', 'Electronics and Telecommunication Engineering', '6', 'ETR6C1', 'VLSI Design', 4, 0),
('BE', 'Electronics and Telecommunication Engineering', '6', 'ETR6C2', 'Mobile & Wireless Communication', 4, 1),
('BE', 'Electronics and Telecommunication Engineering', '6', 'ETR6C2', 'Mobile & Wireless Communication', 4, 1),
('BE', 'Electronics and Telecommunication Engineering', '6', 'ETR6C3', 'Control System', 4, 1),
('BE', 'Electronics and Telecommunication Engineering', '6', 'ETR6C3', 'Control System', 4, 1),
('BE', 'Electronics and Telecommunication Engineering', '6', 'ETR6E1', 'Linear Integrated Circuits', 4, 1),
('BE', 'Electronics and Telecommunication Engineering', '6', 'ETR6E1', 'Linear Integrated Circuits', 4, 1),
('BE', 'Electronics and Telecommunication Engineering', '6', 'STR6S6', 'Enterpreneurship and IPR Development', 2, 0),
('BE', 'Electronics and Telecommunication Engineering', '6', 'STR6S6', 'Enterpreneurship and IPR Development', 2, 0),
('BE', 'Electronics and Telecommunication Engineering', '6', 'ETR6G4', 'Computer Networks', 4, 0),
('BE', 'Electronics and Telecommunication Engineering', '6', 'ETR6G4', 'Computer Networks', 4, 0),
('MSC', 'Applied Science', '4', 'AM4EC3', 'Computer Network/Internet & Web Technology', 3, 0),
('MSC', 'Applied Science', '4', 'AM4PR4', 'Computer Lab - IV', 0, 2),
('MSC', 'Applied Science', '4', 'AM4CV4', 'Comprehensive Viva - IV', 0, 4),
('BE', 'Information Technology', '6', 'ITR6C1', 'Wireless Protocols and Mobile Networks', 4, 0),
('BE', 'Information Technology', '6', 'ITR6C1', 'Wireless Protocols and Mobile Networks', 4, 0),
('BE', 'Information Technology', '6', 'ITR6C2', 'Design and Anlaysis of Algorithms', 4, 1),
('BE', 'Information Technology', '6', 'ITR6C2', 'Design and Anlaysis of Algorithms', 4, 1),
('BE', 'Information Technology', '6', 'ITR6C3', 'Network and Information Security', 4, 1),
('BE', 'Information Technology', '6', 'ITR6C3', 'Network and Information Security', 4, 1),
('BE', 'Information Technology', '6', 'ITR6G4', 'Compiler Design', 4, 0),
('BE', 'Information Technology', '6', 'ITR6G4', 'Compiler Design', 4, 0),
('BE', 'Information Technology', '6', 'SIR6S6', 'Entrepreneurship Development & IPR', 2, 0),
('BE', 'Information Technology', '6', 'SIR6S6', 'Entrepreneurship Development & IPR', 2, 0),
('BE', 'Information Technology', '6', 'ITR6E1', 'Software Testing & Quality Assurance', 4, 1),
('BE', 'Information Technology', '6', 'ITR6E1', 'Software Testing & Quality Assurance', 4, 1),
('BE', 'Computer Engineering', '4', 'CER4L2', 'Hands-on Android Programming', 0, 1),
('BE', 'Computer Engineering', '4', 'CER4L2', 'Hands-on Android Programming', 0, 1),
('BE', 'Mechanical Engineering', '6', 'MER6C1', 'Machine Design - II', 4, 0),
('BE', 'Mechanical Engineering', '6', 'MER6C2', 'Production Engineering - II', 4, 1),
('BE', 'Mechanical Engineering', '6', 'MER6C3', 'Fluid Machines', 4, 1),
('BE', 'Mechanical Engineering', '6', 'MER6C4', 'Energy Conversion System', 4, 1),
('BE', 'Mechanical Engineering', '6', 'MER6G1', 'Materials Management', 4, 0),
('BE', 'Mechanical Engineering', '6', 'SMR6S6', 'Entrepreneurship Development & IPR', 2, 0),
('ME', 'Information Technology', '2', 'ISR2G1', 'Advance Cloud Computing', 4, 0),
('BE', 'Mechanical Engineering', '2', 'AMP1C1', 'Applied Mathematics - I', 3, 0),
('BE', 'Mechanical Engineering', '2', 'ACP1C2', 'Chemistry & Environment Science', 3, 1),
('BE', 'Mechanical Engineering', '2', 'MEP1C3', 'Elements of Mechanical Engineering', 3, 1),
('BE', 'Mechanical Engineering', '2', 'ETP1C4', 'Basic Electrical Engineering', 3, 1),
('BE', 'Mechanical Engineering', '4', 'MEP4C1', 'Theory of Machines', 3, 1),
('BE', 'Mechanical Engineering', '4', 'MEP4C2', 'Mechatronics', 3, 1),
('BE', 'Mechanical Engineering', '4', 'MEP4G1', 'Applied Thermodynamics', 3, 0),
('BE', 'Mechanical Engineering', '4', 'MEP4E1', 'Fluid Mechanics', 3, 1),
('BE', 'Mechanical Engineering', '6', 'MEP6C1', 'Production Engineering', 3, 1),
('BE', 'Mechanical Engineering', '6', 'MEP6C2', 'Fluid Machines', 3, 1),
('BE', 'Mechanical Engineering', '6', 'MEP6G1', 'Machine Design - II', 3, 0),
('BE', 'Mechanical Engineering', '6', 'MEP6E1', 'Energy Conversion Systems', 3, 1),
('ME', 'Mechanical Engineering', '2', 'ASP2S1', 'Soft Skills - I', 2, 0),
('ME', 'Electronics and Telecommunication Engineering', '2', 'ASP2S1', 'Soft Skills - I', 2, 0),
('ME', 'Electronics and Telecommunication Engineering', '2', 'DCP2C3', 'Advance Computer Networks', 4, 1),
('ME', 'Electronics and Telecommunication Engineering', '2', 'DCP2E1', 'Satellite Communication', 4, 1),
('ME', 'Electronics and Telecommunication Engineering', '2', 'DCP2W1', 'Seminar/Workshop/Research Tool', 0, 2),
('ME', 'Electronics and Telecommunication Engineering', '2', 'DCP2V2', 'Comprehensive Viva - II', 0, 2),
('ME', 'Mechanical Engineering', '2', 'IMP2C3', 'Production & Operations System', 4, 1),
('ME', 'Mechanical Engineering', '2', 'IMP2E1', 'SQC & TQM', 4, 1),
('ME', 'Mechanical Engineering', '2', 'IMP2W1', 'Research/Workshop/Research Tool', 0, 2),
('ME', 'Mechanical Engineering', '2', 'IMP2V2', 'Comprehensive Viva - II', 0, 2),
('ME', 'Electronics and Telecommunication Engineering', '4', 'DCP4C3', 'System Design using Verilog', 4, 1),
('ME', 'Electronics and Telecommunication Engineering', '4', 'DCP4E1', 'Analog & Digital CMOS Ckt', 4, 1),
('ME', 'Electronics and Telecommunication Engineering', '4', 'DCP4W2', 'Seminar/Workshop/Research Tool', 0, 2),
('ME', 'Electronics and Telecommunication Engineering', '4', 'DCP4V4', 'Comprehensive Viva - IV', 0, 2),
('ME', 'Mechanical Engineering', '4', 'IMP4C3', 'Supply Chain Management', 4, 1),
('ME', 'Mechanical Engineering', '4', 'IMP4E1', 'Marketing Management', 4, 1),
('ME', 'Electronics and Telecommunication Engineering', '4', 'ASP4S2', 'Soft Skills - II', 2, 0),
('ME', 'Mechanical Engineering', '4', 'ASP4S2', 'Soft Skills - II', 2, 0),
('ME', 'Mechanical Engineering', '4', 'ASP4S2', 'Soft Skills - II', 2, 0),
('ME', 'Mechanical Engineering', '4', 'IMP4W2', 'Seminar/Workshop/Research Tool', 0, 2),
('ME', 'Mechanical Engineering', '4', 'IMP4V4', 'Comprehensive Viva - IV', 0, 2),
('ME', 'Mechanical Engineering', '4', 'DTP4C3', 'Machine Vibrations Analysis', 4, 1),
('ME', 'Mechanical Engineering', '4', 'DTP4E1', 'Computer Aided Mechanism Design', 4, 1),
('ME', 'Mechanical Engineering', '4', 'DTP4W2', 'Seminar/Workshop/Research Tool', 0, 2),
('ME', 'Mechanical Engineering', '4', 'DTP4V4', 'Comprehensive Viva - IV', 0, 2),
('BE', 'Mechanical Engineering', '1', 'BEP2V2', 'Comprehensive Viva - II', 0, 4),
('BE', 'Mechanical Engineering', '4', 'BEP4V4', 'Comprehensive Viva - IV', 0, 4),
('BE', 'Mechanical Engineering', '6', 'BEP6V6', 'Comprehensive Viva - VI', 0, 4),
('ME', 'Electronics and Telecommunication Engineering', '6', 'DCP6V6', 'Comprehensive Viva - VI', 0, 4),
('ME', 'Information Technology', '4', 'ISR4V4', 'Comprehensive Viva - IV', 0, 4),
('ME', 'Computer Engineering', '4', 'SER4V4', 'Comprehensive Viva - IV', 0, 4),
('ME', 'Mechanical Engineering', '4', 'SER4V4', 'Comprehensive Viva - IV', 0, 4),
('ME', 'Computer Engineering', '3', 'SER3V3', 'Comprehensive Viva - III', 0, 4),
('BE', 'Mechanical Engineering', '3', 'MEP3C1', 'Material Science', 3, 1),
('ME', 'Mechanical Engineering', '4', 'DTR4V4', 'Comprehensive Viva - IV', 0, 4),
('BE', 'Civil Engineering', '3', 'VLR3L1', 'Drafting & Computational Skills', 0, 1),
('BE', 'Civil Engineering', '3', 'VLR3V3', 'Comprehensive Viva - III', 0, 4),
('BE', 'Mechanical Engineering', '5', 'MEP5C2', 'IC Engine and Jet Propulsion', 4, 1),
('BE', 'Mechanical Engineering', '3', 'MEP3G1', 'Machine Design & Drawing', 3, 0),
('BE', 'Mechanical Engineering', '3', 'MEP3C2', 'Strength of Materials', 3, 1),
('ME', 'Computer Engineering', '6', 'SEP6V6', 'Comprehensive Viva - VI', 0, 4),
('ME', 'Mechanical Engineering', '6', 'IMP6V6', 'Comprehensive Viva - VI', 0, 4),
('ME', 'Mechanical Engineering', '6', 'DTP6V6', 'Comprehensive Viva - VI', 0, 4),
('BE', 'Information Technology', '7', 'ITR7C1', 'Cloud Computing', 4, 1),
('BE', 'Information Technology', '7', 'ITR7C1', 'Cloud Computing', 4, 1),
('BE', 'Information Technology', '7', 'ITR7C2', 'Computer Graphics', 4, 1),
('BE', 'Information Technology', '7', 'ITR7C2', 'Computer Graphics', 4, 1),
('BE', 'Information Technology', '7', 'ITR7E1', 'Big Data Analytics', 4, 1),
('BE', 'Information Technology', '7', 'ITR7E1', 'Big Data Analytics', 4, 1),
('BE', 'Information Technology', '7', 'ITR7G5', 'Artificial Intellignence', 4, 0),
('BE', 'Information Technology', '7', 'ITR7G5', 'Artificial Intellignence', 4, 0),
('BE', 'Information Technology', '7', 'ITR7V7', 'Comprehensive Viva - VII', 0, 4),
('BE', 'Information Technology', '7', 'ITR7V7', 'Comprehensive Viva - VII', 0, 4),
('BE', 'Computer Engineering', '7', 'CER7P1', 'Project Phase - I', 0, 7),
('BE', 'Computer Engineering', '7', 'CER7P1', 'Project Phase - I', 0, 7),
('BE', 'Computer Engineering', '7', 'CER7C1', 'Distributed Computing', 4, 0),
('BE', 'Computer Engineering', '7', 'CER7C1', 'Distributed Computing', 4, 0),
('BE', 'Computer Engineering', '7', 'CER7C2', 'Cloud Computing', 4, 1),
('BE', 'Computer Engineering', '7', 'CER7C2', 'Cloud Computing', 4, 1),
('BE', 'Computer Engineering', '7', 'CER7C3', 'Artificial Intelligence', 4, 1),
('BE', 'Computer Engineering', '7', 'CER7C3', 'Artificial Intelligence', 4, 1),
('BE', 'Computer Engineering', '7', 'CER7E1', 'Macine Learning', 4, 1),
('BE', 'Computer Engineering', '7', 'CER7E1', 'Macine Learning', 4, 1),
('BE', 'Computer Engineering', '7', 'CER7V7', 'Comprehensive Viva - VII', 0, 4),
('BE', 'Computer Engineering', '7', 'CER7V7', 'Comprehensive Viva - VII', 0, 4),
('BE', 'Electronics and Telecommunication Engineering', '7', 'ETR7P1', 'Project Phase - I', 0, 7),
('BE', 'Electronics and Telecommunication Engineering', '7', 'ETR7P1', 'Project Phase - I', 0, 7);
INSERT INTO `subschema` (`course`, `branch`, `sem`, `subject_code`, `subject_name`, `theory`, `practical`) VALUES
('BE', 'Electronics and Telecommunication Engineering', '7', 'ETR7C2', 'Operating System', 4, 0),
('BE', 'Electronics and Telecommunication Engineering', '7', 'ETR7C2', 'Operating System', 4, 0),
('BE', 'Electronics and Telecommunication Engineering', '7', 'ETR7C3', 'Antenna and Wave Propogation', 4, 1),
('BE', 'Electronics and Telecommunication Engineering', '7', 'ETR7C3', 'Antenna and Wave Propogation', 4, 1),
('BE', 'Electronics and Telecommunication Engineering', '7', 'ETR7C4', 'RF and Microwave Engineeirng', 4, 1),
('BE', 'Electronics and Telecommunication Engineering', '7', 'ETR7C4', 'RF and Microwave Engineeirng', 4, 1),
('BE', 'Electronics and Telecommunication Engineering', '7', 'ETR7E1', 'Circuit Design Using HDL', 4, 1),
('BE', 'Electronics and Telecommunication Engineering', '7', 'ETR7E1', 'Circuit Design Using HDL', 4, 1),
('BE', 'Electronics and Telecommunication Engineering', '7', 'ETR7V7', 'Comprehensive Viva - VII', 0, 4),
('BE', 'Electronics and Telecommunication Engineering', '7', 'ETR7V7', 'Comprehensive Viva - VII', 0, 4),
('BE', 'ELECTRONICS AND INSTRUMENTATION ENGINEERING', '7', 'EIR7P1', 'Project Phase - I', 0, 7),
('BE', 'ELECTRONICS AND INSTRUMENTATION ENGINEERING', '7', 'EIR7C2', 'Operating System', 4, 0),
('BE', 'ELECTRONICS AND INSTRUMENTATION ENGINEERING', '7', 'EIR7C3', 'Intelligent Instrumentation System', 4, 1),
('BE', 'ELECTRONICS AND INSTRUMENTATION ENGINEERING', '7', 'EIR7C4', 'Process Instrumentation & Control', 4, 1),
('BE', 'ELECTRONICS AND INSTRUMENTATION ENGINEERING', '7', 'EIR7E1', 'Circuit Design Using HDL', 4, 1),
('BE', 'ELECTRONICS AND INSTRUMENTATION ENGINEERING', '7', 'EIR7V7', 'Comprehensive Viva - VII', 0, 4),
('BE', 'Mechanical Engineering', '7', 'MER7C1', 'Operations Research', 4, 0),
('BE', 'Mechanical Engineering', '7', 'MER7C2', 'Machine Design - III', 4, 1),
('BE', 'Mechanical Engineering', '7', 'MER7C3', 'Refrigeration & Air Conditioning', 4, 1),
('BE', 'Mechanical Engineering', '7', 'MER7E1', 'SQC & TQM', 4, 1),
('BE', 'Mechanical Engineering', '7', 'MER7P1', 'Project Phase - I', 0, 7),
('BE', 'Mechanical Engineering', '7', 'MER7V7', 'Comprehensive Viva - VII', 0, 4),
('BE', 'Civil Engineering', '7', 'VLR7C1', 'Transportation Engineering - II', 4, 1),
('BE', 'Civil Engineering', '7', 'VLR7C2', 'Design of Steel Structures - II', 4, 1),
('BE', 'Civil Engineering', '7', 'VLR7E1', 'Environmental Engineering - II', 4, 1),
('BE', 'Civil Engineering', '7', 'VLR7G5', 'Structural Analysis - II', 4, 0),
('BE', 'Civil Engineering', '7', 'VLR7V7', 'Comprehensive Viva -VII', 0, 4),
('BE', 'Mechanical Engineering', '1', 'AMP2C1', 'Applied Mathematics - I', 3, 0),
('BE', 'Electronics and Telecommunication Engineering', '1', 'AMP2C1', 'Applied Mathematics - I', 3, 0),
('BE', 'Mechanical Engineering', '1', 'APP2C2', 'Applied Physics', 3, 1),
('BE', 'Electronics and Telecommunication Engineering', '1', 'APP2C2', 'Applied Physics', 3, 1),
('BE', 'Mechanical Engineering', '1', 'MEP2C3', 'Engineering Drawing', 3, 1),
('BE', 'Electronics and Telecommunication Engineering', '1', 'MEP2C3', 'Engineering Drawing', 3, 1),
('BE', 'Electronics and Telecommunication Engineering', '1', 'ETP2C4', 'Basic Electronics', 3, 1),
('BE', 'Computer Engineering', '3', 'CER3V3', 'Comprehensive Viva - III', 0, 4),
('BE', 'Computer Engineering', '3', 'CER3V3', 'Comprehensive Viva - III', 0, 4),
('BE', 'Computer Engineering', '5', 'CER5V5', 'Comprehensive Viva - V', 0, 4),
('BE', 'Computer Engineering', '5', 'CER5V5', 'Comprehensive Viva - V', 0, 4),
('ME', 'Computer Engineering', '1', 'SER1V1', 'Comprehensive Viva - I', 0, 4),
('ME', 'Information Technology', '1', 'ISR1V1', 'Comprehensive Viva - I', 0, 4),
('ME', 'Information Technology', '3', 'ISR3V3', 'Comprehensive Viva - III', 0, 4),
('BE', 'Mechanical Engineering', '3', 'MER3V3', 'Comprehensive Viva - III', 0, 4),
('BE', 'Mechanical Engineering', '5', 'MER5V5', 'Comprehensive Viva - V', 0, 4),
('BE', 'Civil Engineering', '5', 'VLR5L3', 'Design Skills', 0, 1),
('BE', 'Mechanical Engineering', '3', 'MEP3V3', 'Comprehensive Viva - III', 0, 4),
('BE', 'Mechanical Engineering', '5', 'MEP5C1', 'Dynamics of Machines', 3, 1),
('BE', 'Mechanical Engineering', '5', 'MEP5C3', 'IC Engine and Jet Propulsion', 3, 1),
('BE', 'Mechanical Engineering', '5', 'MEP5G1', 'Machine Design - I', 3, 0),
('BE', 'Mechanical Engineering', '5', 'MEP5V5', 'Comprehensive Viva - V', 0, 4),
('BE', 'Mechanical Engineering', '7', 'MEP7C1', 'Machine Design - III', 3, 0),
('BE', 'Mechanical Engineering', '7', 'MEP7C2', 'Refrigeration and Air Conditioning', 3, 1),
('BE', 'Mechanical Engineering', '7', 'MEP7E1', 'Automobile Engineering', 3, 1),
('BE', 'Mechanical Engineering', '7', 'MEP7P1', 'Project Phase - I', 0, 4),
('BE', 'Mechanical Engineering', '7', 'MEP7V7', 'Comprehensive Viva - VII', 0, 4),
('BE', 'Electronics and Telecommunication Engineering', '3', 'ETR3V3', 'Comprehensive Viva - III', 0, 4),
('BE', 'Electronics and Telecommunication Engineering', '3', 'ETR3V3', 'Comprehensive Viva - III', 0, 4),
('BE', 'Electronics and Telecommunication Engineering', '1', 'ETR5V5', 'Comprehensive Viva - V', 0, 4),
('BE', 'Electronics and Telecommunication Engineering', '5', 'ETR5V5', 'Comprehensive Viva - V', 0, 4),
('BE', 'Electronics and Telecommunication Engineering', '5', 'ETR5V5', 'Comprehensive Viva - V', 0, 4),
('ME', 'Electronics and Telecommunication Engineering', '1', 'DCR1V1', 'Comprehensive Viva - I', 0, 4),
('ME', 'Electronics and Telecommunication Engineering', '3', 'DCR3V3', 'Comprehensive Viva - III', 0, 4),
('ME', 'Electronics and Telecommunication Engineering', '3', 'DCR3V3', 'Comprehensive Viva - III', 0, 4),
('ME', 'Electronics and Telecommunication Engineering', '1', 'DCP1C1', 'Modern Communication System', 3, 1),
('ME', 'Electronics and Telecommunication Engineering', '1', 'DCP1C2', 'Embedded System using ARM Microcontroller', 3, 1),
('ME', 'Electronics and Telecommunication Engineering', '1', 'DCP1G1', 'Advance System Design', 4, 0),
('ME', 'Mechanical Engineering', '1', 'DTR1V1', 'Comprehensive Viva - I', 0, 4),
('ME', 'Mechanical Engineering', '1', 'IMR1V1', 'Comprehensive Viva - I', 0, 4),
('ME', 'ELECTRONICS AND INSTRUMENTATION ENGINEERING', '1', 'DIR1V1', 'Comprehensive Viva - I', 0, 4),
('ME', 'Computer Engineering', '1', 'SEP1C1', 'Advanced Algorithms', 4, 1),
('ME', 'Computer Engineering', '1', 'SEP1C2', 'Object Oriented Analysis and Design', 4, 1),
('ME', 'Computer Engineering', '1', 'SEP1G1', 'Soft Computing', 4, 0),
('ME', 'Computer Engineering', '1', 'SEP1V1', 'Comprehensive Viva - I', 0, 2),
('ME', 'Mechanical Engineering', '1', 'IMP1C1', 'Productivity and Technology Management', 4, 1),
('ME', 'Mechanical Engineering', '1', 'IMP1C2', 'Quantitative Techniques for Management', 4, 1),
('ME', 'Mechanical Engineering', '1', 'IMP1G1', 'Principles and Practice of Management', 4, 0),
('ME', 'Mechanical Engineering', '1', 'IMP1V1', 'Comprehensive Viva - I', 0, 2),
('ME', 'Mechanical Engineering', '1', 'DTP1C1', 'Tribology', 4, 1),
('ME', 'Mechanical Engineering', '1', 'DTP1C2', 'Design of Internal Combustion Engine Systems', 4, 1),
('ME', 'Mechanical Engineering', '1', 'DTP1G1', 'Advance Thermodynamics', 4, 0),
('ME', 'Mechanical Engineering', '1', 'DTP1V1', 'Comprehensive Viva - I', 0, 2),
('ME', 'Electronics and Telecommunication Engineering', '1', 'DCP1V1', 'Comprehensive Viva - I', 0, 4),
('ME', 'Electronics and Telecommunication Engineering', '3', 'DCP3C1', 'Modelling and Simulation', 4, 1),
('ME', 'Electronics and Telecommunication Engineering', '3', 'DCP3C2', 'Mobile Communication Networks', 4, 1),
('ME', 'Electronics and Telecommunication Engineering', '3', 'DCP3V1', 'Comprehensive Viva - III', 0, 4),
('ME', 'Mechanical Engineering', '3', 'IMP3V1', 'Comprehensive Viva - III', 0, 2),
('ME', 'Computer Engineering', '3', 'SEP3V3', 'Comprehensive Viva - III', 0, 2),
('ME', 'Mechanical Engineering', '5', 'IMP5V5', 'Comprehensive Viva - V', 0, 4),
('ME', 'Mechanical Engineering', '5', 'DTP5V5', 'Comprehensive Viva - V', 0, 4),
('ME', 'Electronics and Telecommunication Engineering', '5', 'DCP5V5', 'Comprehensive Viva - V', 0, 4),
('BE', 'Civil Engineering', '5', 'VLR5V5', 'Comprehensive Viva - V', 0, 4),
('ME', 'Electronics and Telecommunication Engineering', '3', 'DCP3G2', 'Nanodevices and Nanosensors', 4, 0),
('MSC', 'Applied Science', '1', 'AM1PR1', 'Computer Lab - I', 0, 2),
('MSC', 'Applied Science', '1', 'AM1CV1', 'Comprehensive Viva - I', 0, 4),
('MSC', 'Applied Science', '3', 'AM3CV3', 'Comprehensive Viva - III', 0, 4),
('MSC', 'Applied Science', '3', 'AM3PR3', 'Computer Lab - III', 0, 2),
('BE', 'Information Technology', '3', 'ITR3V3', 'Comprehensive Viva - III', 0, 4),
('BE', 'Information Technology', '3', 'ITR3V3', 'Comprehensive Viva - III', 0, 4),
('BE', 'Information Technology', '5', 'ITR5V5', 'Comprehensive Viva - V', 0, 4),
('BE', 'Information Technology', '5', 'ITR5V5', 'Comprehensive Viva - V', 0, 4),
('BE', 'ELECTRONICS AND INSTRUMENTATION ENGINEERING', '3', 'EIR3V3', 'Comprehensive Viva - III', 0, 4),
('BE', 'ELECTRONICS AND INSTRUMENTATION ENGINEERING', '5', 'EIR5V5', 'Comprehensive Viva - V', 0, 4),
('ME', 'ELECTRONICS AND INSTRUMENTATION ENGINEERING', '3', 'DIR3V3', 'Comprehensive Viva - III', 0, 4),
('ME', 'Mechanical Engineering', '3', 'DTR3V3', 'Comprehensive Viva - III', 0, 4),
('ME', 'Mechanical Engineering', '3', 'IMR3V3', 'Comprehensive Viva - III', 0, 4),
('BE', 'Computer Engineering', '3', 'CER3L1', 'Computer Hardware Lab', 0, 1),
('BE', 'Computer Engineering', '3', 'CER3L1', 'Computer Hardware Lab', 0, 1),
('BE', 'Electronics and Telecommunication Engineering', '1', 'ETP2V2', 'Comprehensive Viva - II', 0, 4),
('BE', 'Electronics and Telecommunication Engineering', '1', 'ETR5L3', 'Software Workshop', 0, 1),
('BE', 'Electronics and Telecommunication Engineering', '5', 'ETR5L3', 'Software Workshop', 0, 1),
('BE', 'Electronics and Telecommunication Engineering', '5', 'ETR5L3', 'Software Workshop', 0, 1);

--
-- Indexes for dumped tables
--

--
-- Indexes for table `administration`
--
ALTER TABLE `administration`
  ADD PRIMARY KEY (`user_name`);

--
-- Indexes for table `all_students`
--
ALTER TABLE `all_students`
  ADD PRIMARY KEY (`enrollment_no`),
  ADD UNIQUE KEY `enrollment_no` (`enrollment_no`);

--
-- Indexes for table `class_table`
--
ALTER TABLE `class_table`
  ADD PRIMARY KEY (`id`),
  ADD UNIQUE KEY `department_id` (`department_id`,`year`,`section`),
  ADD KEY `department_id_col_2` (`department_id`),
  ADD KEY `faculty_id_col_2` (`faculty_id`);

--
-- Indexes for table `course_table`
--
ALTER TABLE `course_table`
  ADD PRIMARY KEY (`id`),
  ADD UNIQUE KEY `degree_code_col` (`course_code`);

--
-- Indexes for table `department_table`
--
ALTER TABLE `department_table`
  ADD PRIMARY KEY (`id`),
  ADD KEY `faculty_id_col_2` (`faculty_id`),
  ADD KEY `department_couse_id_idx` (`course_id`);

--
-- Indexes for table `subject_table`
--
ALTER TABLE `subject_table`
  ADD PRIMARY KEY (`id`),
  ADD UNIQUE KEY `subject_code_UNIQUE` (`subject_code`);

--
-- AUTO_INCREMENT for dumped tables
--

--
-- AUTO_INCREMENT for table `class_table`
--
ALTER TABLE `class_table`
  MODIFY `id` bigint(20) NOT NULL AUTO_INCREMENT, AUTO_INCREMENT=2001;

--
-- AUTO_INCREMENT for table `course_table`
--
ALTER TABLE `course_table`
  MODIFY `id` bigint(20) NOT NULL AUTO_INCREMENT, AUTO_INCREMENT=4;

--
-- AUTO_INCREMENT for table `department_table`
--
ALTER TABLE `department_table`
  MODIFY `id` bigint(20) NOT NULL AUTO_INCREMENT, AUTO_INCREMENT=16;

--
-- AUTO_INCREMENT for table `subject_table`
--
ALTER TABLE `subject_table`
  MODIFY `id` bigint(20) NOT NULL AUTO_INCREMENT, AUTO_INCREMENT=806;
COMMIT;

/*!40101 SET CHARACTER_SET_CLIENT=@OLD_CHARACTER_SET_CLIENT */;
/*!40101 SET CHARACTER_SET_RESULTS=@OLD_CHARACTER_SET_RESULTS */;
/*!40101 SET COLLATION_CONNECTION=@OLD_COLLATION_CONNECTION */;
